WQG675, 1.096469156761177, 0.85,  25, 15
Z4EXGQ, 1.0844719961687268, 0.93,  15, 7
B5XNLQ, 1.1003612521331299, 0.86,  24, 14
N53GEQ, 1.0853382794649349, 0.91,  18, 9
N46334, 1.1083673135774792, 0.94,  17, 6
J4DEBQ, 1.1011972364326719, 0.9,  20, 10
2QY1D4, 1.1128903654181583, 0.94,  17, 6
W5MWG4, 1.1037292564696592, 0.9,  20, 10
M5LNZQ, 1.119888419907824, 0.91,  21, 9
85WNV5, 1.1245852501606042, 0.9,  22, 10
WQRW84, 1.1412100531795637, 0.86,  28, 14
LQNNZQ, 1.1456044697429408, 0.85,  30, 15
N596K5, 1.0836077469459904, 0.96,  12, 4
YQ1KM4, 1.0783697139252475, 0.93,  15, 7
94V8E4, 1.0875262236919516, 0.92,  17, 8
LQJ6M5, 1.0802829233520819, 0.94,  14, 6
N4Z394, 1.089660060109491, 0.97,  12, 3
Y4PZ8Q, 1.0825226029173711, 0.99,  9, 1
B47XD4, 1.0932013909111553, 0.97,  12, 3
X4KDE5, 1.0845343809254466, 0.98,  10, 2
N496R4, 1.0967952719357472, 0.93,  17, 7
Y51KJQ, 1.1005055772723515, 0.93,  17, 7
9QV87Q, 1.0876069703821878, 0.87,  22, 13
L5J6B4, 1.0807905863484844, 0.95,  13, 5
NQZ36Q, 1.090922945061451, 0.85,  24, 15
YQPZB5, 1.0827661259130428, 0.94,  14, 6
BQ7X1Q, 1.0948283260986742, 0.9,  19, 10
XQKDW4, 1.0847230590086174, 0.91,  17, 9
7Q222Q, 1.0976556156955721, 0.9,  20, 10
M4BKG4, 1.0884003639265598, 0.91,  18, 9
N53NK5, 1.0809061998821612, 0.94,  14, 6
WQGEL5, 1.0748080699108904, 0.94,  13, 6
8483BQ, 1.0840439599368161, 0.93,  15, 7
Z4E8P5, 1.0765490697245665, 0.94,  14, 6
B5XE9Q, 1.081129575060264, 0.92,  16, 8
N46YX5, 1.0754653965678778, 0.98,  10, 2
J4DXK5, 1.0840310693947166, 0.92,  16, 8
2QYDNQ, 1.0772757692651187, 0.98,  10, 2
W5MZE4, 1.0858737781520378, 0.91,  18, 9
M5LJR4, 1.089012344409104, 0.91,  18, 9
85W3Y5, 1.1056298256011345, 0.96,  15, 4
WQRB94, 1.1308384935553173, 0.89,  24, 11
YQ1EJ4, 1.078117782440548, 0.92,  16, 8
LQNPG4, 1.0722283776429085, 0.93,  14, 7
N59VRQ, 1.0811037718832646, 0.92,  16, 8
94VX75, 1.0739239838205896, 0.92,  15, 8
LQJ1B4, 1.0777176380875797, 0.97,  11, 3
N4ZY65, 1.080684532947407, 0.96,  12, 4
Y4PKBQ, 1.081177741244499, 0.9,  18, 10
B47N15, 1.084371037314707, 0.89,  19, 11
742X25, 1.075475327698798, 0.91,  17, 9
X4KVW5, 1.0781260430456137, 0.91,  17, 9
M5BGGQ, 1.079551384374895, 0.91,  17, 9
8581BQ, 1.0825986698165493, 0.92,  16, 8
W4GDL4, 1.0808949847873552, 0.97,  11, 3
Z5E3P5, 1.076052029493443, 0.91,  17, 9
BQX694, 1.0792671047150648, 0.9,  18, 10
NQ3ZKQ, 1.0790433759412321, 0.95,  13, 5
N56KX5, 1.078382704692792, 0.95,  13, 5
J5DVK5, 1.077518381641586, 0.95,  13, 5
24YRN5, 1.1071078875788372, 0.9,  21, 10
WQMGEQ, 1.0883576398041714, 0.91,  18, 9
MQL8R5, 1.0852940131267386, 0.92,  17, 8
8QWRY5, 1.1009033927535943, 0.93,  17, 7
W4RD9Q, 1.100542745293613, 0.88,  22, 12
L4NEG4, 1.1011616527362287, 0.84,  26, 16
NQ98R4, 1.099778405719278, 0.84,  26, 16
Y41VJQ, 1.1005646256722363, 0.94,  16, 6
95VR7Q, 1.0940282901616838, 0.94,  15, 6
L4J2B4, 1.080672393282487, 0.98,  10, 2
N5ZR64, 1.1044414850300437, 0.89,  21, 11
Y5P3B4, 1.1371891143108457, 0.82,  32, 18
B57214, 1.106860582731779, 0.86,  25, 14
X5KBW5, 1.1496597396236394, 0.86,  29, 14
752J25, 1.0897791078594328, 1,  9, 0
MQBNGQ, 1.125386762666144, 0.82,  31, 18
8Q8BB5, 1.1290355087252455, 0.81,  32, 19
W5GPL5, 1.0891381200106056, 0.92,  17, 8
ZQEJP4, 1.0914947272769178, 0.91,  18, 9
B4XR94, 1.1056484995502756, 0.95,  16, 5
N43LKQ, 1.1100814888899577, 0.94,  17, 6
NQ6VX4, 1.091983765379508, 0.95,  14, 5
JQDDKQ, 1.0944549135339672, 0.94,  15, 6
25YYN5, 1.08542454599958, 0.94,  15, 6
W4MPE4, 1.087140467199104, 0.93,  16, 7
W5RN9Q, 1.0973075031798423, 0.98,  12, 2
M4LZR5, 1.1008802666044224, 0.97,  13, 3
84W6Y4, 1.1053188940711292, 0.93,  18, 7
L5N7G4, 1.108103550078601, 0.92,  19, 8
Y51YJ4, 1.1228110505902062, 0.87,  25, 13
N49PR5, 1.1279294055759856, 0.85,  28, 15
NQZM64, 1.1300606340462254, 0.88,  25, 12
YQP2BQ, 1.135780717806052, 0.87,  27, 13
BQ7J15, 1.1166073825092757, 0.84,  28, 16
XQKJW4, 1.1213008857686289, 0.84,  28, 16
7Q2M2Q, 1.0859535315017572, 0.93,  16, 7
M4B3G4, 1.0881591998484825, 0.92,  17, 8
848ZBQ, 1.0929569842727, 0.92,  17, 8
WQGLL4, 1.0966938489294824, 0.91,  19, 9
Z4EYP5, 1.0824909277467272, 0.96,  12, 4
B5XD94, 1.084558858646659, 0.95,  13, 5
N532KQ, 1.0930741629697804, 0.9,  19, 10
N46GX5, 1.0967839906074464, 0.91,  19, 9
J4DNKQ, 1.0771974308084253, 0.91,  17, 9
2QYZN5, 1.0789370264071474, 0.91,  17, 9
W5MXEQ, 1.0844012046920186, 1,  8, 0
M5LERQ, 1.0877514273942923, 0.99,  10, 1
85WVYQ, 1.0796781123729495, 0.98,  10, 2
WQRM95, 1.081665383650821, 0.97,  11, 3
LQN3GQ, 1.0910603593090882, 0.9,  19, 10
N593R5, 1.094663663229409, 0.89,  20, 11
YQ17JQ, 1.1017042838094646, 0.8,  30, 20
94V175, 1.1056671553039197, 0.8,  31, 20
LQJ8BQ, 1.0975689380624545, 0.91,  19, 9
N4ZP65, 1.1012095383586191, 0.89,  21, 11
Y4PDB4, 1.0743478450059258, 0.9,  17, 10
B47E15, 1.0761312983428495, 0.89,  19, 11
X4KGW5, 1.0812023793196008, 0.9,  18, 10
N49364, 1.0843404119114715, 0.89,  19, 11
Y517E5, 1.0764099579640825, 0.95,  13, 5
9QV1R4, 1.0782608588918574, 0.95,  13, 5
L5J8V5, 1.0801173794787815, 0.9,  18, 10
NQZPP4, 1.0831022725079487, 0.89,  19, 11
YQPD7Q, 1.0874594657101806, 0.89,  20, 11
BQ79G4, 1.0906895957853127, 0.89,  20, 11
XQKMY4, 1.08413298126691, 0.88,  20, 12
7Q2EW5, 1.0873308707279121, 0.88,  21, 12
M4B9W4, 1.072819933708778, 0.88,  19, 12
848VE4, 1.0745427171112103, 0.87,  20, 13
WQG8YQ, 1.0783691455326965, 0.93,  15, 7
Z4E7RQ, 1.0813989029095878, 0.92,  16, 8
B5X97Q, 1.0702377897802573, 0.89,  18, 11
85WWL5, 1.0717842267034048, 0.89,  18, 11
N53395, 1.079072368704631, 0.91,  17, 9
N46W74, 1.0821496204248908, 0.91,  17, 9
W5M9N4, 1.0775433389718523, 0.96,  12, 4
J4DZLQ, 1.0803186433976597, 0.95,  13, 5
2QYVBQ, 1.0776242271038177, 0.96,  12, 4
M5LW3Q, 1.0805892182947732, 0.96,  12, 4
WQR8X5, 1.0790990640623797, 0.93,  15, 7
LQNVW4, 1.0821172773873022, 0.93,  15, 7
YQ18E5, 1.0741880962327894, 0.89,  18, 11
N59Z65, 1.0769044273615322, 0.89,  19, 11
94VMR4, 1.0772311563906836, 0.94,  14, 6
LQJDVQ, 1.0801672704429215, 0.94,  14, 6
N4ZZP4, 1.0759362387098395, 0.99,  9, 1
Y4P775, 1.07882089735453, 0.98,  10, 2
47PGGQ, 1.1105636335507383, 0.95,  16, 5
4KYXY5, 1.1045389950921134, 0.91,  19, 9
42Y7W4, 1.0886289944519434, 0.88,  21, 12
5B7ZW4, 1.0916229233747397, 0.92,  17, 8
587YEQ, 1.1011854649499142, 0.85,  25, 15
4GXRY5, 1.0881949883624913, 0.91,  18, 9
5EB2R5, 1.0986535224351157, 0.94,  16, 6
QX8B75, 1.1139436671607592, 0.94,  17, 6
Q3YK94, 1.1072426738539087, 0.9,  21, 10
56XP74, 1.0909680040861642, 0.89,  20, 11
5D72LQ, 1.0940610869829857, 0.92,  17, 8
4YG8B4, 1.1049833317893147, 0.84,  26, 16
QMMJNQ, 1.090186268346542, 0.92,  17, 8
QLVD35, 1.1027095198661423, 0.94,  16, 6
QWB2LQ, 1.1108826458591885, 0.98,  13, 2
4REJX5, 1.094253917440771, 0.93,  16, 7
4NDZW5, 1.0873258388635287, 0.95,  14, 5
Q9K26Q, 1.1578394822635525, 0.88,  28, 12
41PWEQ, 1.0959117742751143, 0.92,  18, 8
5V2GR5, 1.0908957082617772, 0.97,  12, 3
4JXGV5, 1.0831690992596543, 0.93,  15, 7
5ZBGP5, 1.0789638092744407, 0.96,  12, 4
5PN174, 1.1115459120534537, 0.9,  21, 10
57PPG4, 1.10045373231508, 0.9,  20, 10
5KYYYQ, 1.085780402672594, 0.94,  15, 6
52YYW5, 1.1087814230173223, 0.99,  12, 1
QB77W5, 1.0917974204758698, 0.93,  16, 7
Q877E4, 1.0850282192209957, 0.96,  13, 4
5GXXYQ, 1.1524400412301408, 0.89,  26, 11
QEBBRQ, 1.0939927922130697, 0.93,  16, 7
4X887Q, 1.0885072603216561, 0.98,  11, 2
43YY95, 1.0811004220461984, 0.94,  14, 6
Q6XX75, 1.0770482896702407, 0.96,  12, 4
QD77L4, 1.1090964186547432, 0.91,  20, 9
5YGGB5, 1.098076063428933, 0.91,  19, 9
4MMMN4, 1.083620505420933, 0.95,  13, 5
4LVV3Q, 1.089505802908522, 0.92,  17, 8
4WBBL4, 1.114108900552119, 0.92,  19, 8
5REEXQ, 1.0919434174455616, 0.94,  15, 6
5NDDWQ, 1.0845726240459947, 0.97,  11, 3
49KK64, 1.0769548038847396, 0.97,  11, 3
51PPE4, 1.1124601491613098, 0.97,  14, 3
QV22RQ, 1.0996401009400216, 0.97,  13, 3
5JXXVQ, 1.114551661548888, 0.92,  19, 8
QZBBPQ, 1.099860694374285, 0.93,  17, 7
QPNN75, 1.0890553979171838, 0.96,  13, 4
Q7P7G5, 1.0794862756243182, 0.97,  11, 3
QKY1Y4, 1.0999364469610091, 0.87,  23, 13
Q2YWWQ, 1.0918966595907285, 0.9,  19, 10
4B7JWQ, 1.088882094433035, 0.9,  19, 10
4878E5, 1.0811256738299508, 0.91,  17, 9
QGXBY4, 1.088588454441538, 0.96,  13, 4
4EBKR4, 1.0808466011562063, 0.95,  13, 5
5X8K74, 1.0793864768528265, 0.98,  10, 2
53YX9Q, 1.077237375104257, 0.97,  11, 3
46X87Q, 1.091137044856231, 0.91,  18, 9
4D7KL5, 1.1176378428761107, 0.91,  21, 9
QYG2BQ, 1.0943763822594486, 0.95,  14, 5
5MMRN5, 1.0878951438780127, 0.96,  13, 4
5LV734, 1.0788336163159844, 0.96,  12, 4
5WBEL5, 1.1172102481587676, 0.96,  16, 4
QRELX4, 1.102377518538837, 0.96,  14, 4
QJX9V4, 1.1194606860024927, 0.92,  20, 8
59KG65, 1.102625189173515, 0.92,  18, 8
4ZBJP4, 1.0926112094050962, 0.96,  13, 4
QNDMW4, 1.081461656606137, 0.96,  12, 4
Q1PME5, 1.1039562633105848, 0.86,  24, 14
4V2YR4, 1.093929643609305, 0.89,  20, 11
4PNM7Q, 1.092161522067093, 0.91,  18, 9
47PYGQ, 1.083145800904145, 0.91,  17, 9
4KYRY5, 1.0921019803041827, 0.96,  13, 4
49KXG4, 1.0828529733002996, 0.94,  14, 6
QV2EPQ, 1.0801890335633118, 0.97,  11, 3
51PDD4, 1.0813603199955197, 0.97,  11, 3
9QV375, 1.1116550273852341, 0.9,  21, 10
L5JVB5, 1.1149300254463574, 0.89,  22, 11
QNL2K5, 1.0809995913680621, 0.91,  17, 9
59BYJ5, 1.0807390840287343, 0.96,  12, 4
Q19GB4, 1.0859335675012287, 0.99,  10, 1
4DY1G4, 1.1035861691137483, 0.407,  70, 59
5W9Z35, 1.0906970149046438, 0.9501594934179207,  14, 5
QEN63Q, 1.0767621634477698, 0.45381386060628176,  62, 55
4MDNM4, 1.1029062952998243, 0.9284773819855225,  17, 7
4LXG74, 1.1072030247213471, 0.9232410476190795,  18, 8
4W9894, 1.0906970149046438, 0.9501594934179207,  14, 5
5RZP1Q, 1.0930813841695188, 0.9419977696723233,  15, 6
5N91X5, 1.0998889950043285, 0.8264257040618098,  27, 17
49XNWQ, 1.1037465892744611, 0.8215417941982404,  28, 18
51D2G4, 1.0887285583859019, 0.8647418555623919,  22, 14
QVEBJ5, 1.0908593624304328, 0.857065150872459,  23, 14
5JNBR4, 1.091176928244733, 0.925027013423147,  17, 7
QZW1NQ, 1.0948509952342182, 0.9203573597615236,  17, 8
QPVJ9Q, 1.0822263089947497, 0.9238978616830236,  16, 8
Q7YVV5, 1.0843244988031835, 0.9165483227784713,  17, 8
QKR835, 1.095566138246319, 0.8792756991055746,  22, 12
Q2NBR5, 1.099137060552542, 0.8745272951532103,  22, 13
4BW1E4, 1.0853344563554075, 0.8889811247767218,  20, 11
48KJ9Q, 1.0875204428545662, 0.8816475639071125,  21, 12
QG27EQ, 1.1075427713832242, 0.8693094282437607,  24, 13
4ENZ34, 1.1120033870769883, 0.8639054378054468,  25, 14
5X1GR5, 1.094900536205017, 0.9035761198457293,  19, 10
53M8LQ, 1.0970293217548186, 0.8952731121137537,  20, 10
46D1G5, 1.0914884153808326, 0.8735790432136155,  22, 13
4DYJZ4, 1.0950059964093555, 0.868725529495288,  23, 13
QYN685, 1.0833068315023262, 0.9056542856821714,  18, 9
5MD3M5, 1.0850998366001035, 0.8982466973404041,  19, 10
5LX375, 1.0832026690014604, 0.8834977160442383,  20, 12
5W9D95, 1.0860834078053545, 0.8791841868374314,  21, 12
QRZ314, 1.0774346565494697, 0.8899634319543462,  19, 11
QN9RXQ, 1.078905396344719, 0.8831470185086927,  20, 12
59XEW4, 1.0826952205789315, 0.9493228589346397,  13, 5
Q1DZG5, 1.0859080004053498, 0.9447188554492502,  14, 6
4VE6JQ, 1.0752911556825802, 0.9541408089908914,  12, 5
QJN3R5, 1.077105481099353, 0.9471234536643007,  13, 5
4ZW6N4, 1.0772648165405285, 0.9356515318412654,  14, 6
4PVL94, 1.0800856636304323, 0.9312955383389453,  15, 7
47Y8VQ, 1.0743976027822617, 0.9197096069875925,  15, 8
4KR33Q, 1.0771483013654577, 0.9154856151583786,  16, 8
49XE9Q, 1.0761042063416049, 0.9340638872318168,  14, 7
51DZN4, 1.0789951523507315, 0.9297812601330409,  15, 7
QVE6W5, 1.0740249244533586, 0.9236730883290725,  15, 8
5JN364, 1.0767621634477698, 0.9194815876065014,  16, 8
QZW6YQ, 1.0971076791572996, 0.8811458863382687,  22, 12
QPVL3Q, 1.1010088179489703, 0.8761127256548866,  22, 12
Q7Y8J5, 1.0812133563399295, 0.9238274975691771,  16, 8
QKR3G5, 1.0843059052597386, 0.9192091700705118,  17, 8
Q2NPE5, 1.1029062952998243, 0.9284773819855225,  17, 7
4BWBZ4, 1.1072030247213471, 0.9232410476190795,  18, 8
48KR7Q, 1.0906970149046438, 0.9501594934179207,  14, 5
QG29BQ, 1.0930813841695188, 0.9419977696723233,  15, 6
4ENEN4, 1.0998889950043285, 0.8264257040618098,  27, 17
5X1LY5, 1.1037465892744611, 0.8215417941982404,  28, 18
53MR1Q, 1.0887285583859019, 0.8647418555623919,  22, 14
46DRN5, 1.0908593624304328, 0.857065150872459,  23, 14
4DYG94, 1.091176928244733, 0.925027013423147,  17, 7
QYNL75, 1.0948509952342182, 0.9203573597615236,  17, 8
5MD7V5, 1.0822263089947497, 0.9238978616830236,  16, 8
5LXPY5, 1.0843244988031835, 0.9165483227784713,  17, 8
5W9LK5, 1.095566138246319, 0.8792756991055746,  22, 12
QRZGP4, 1.099137060552542, 0.8745272951532103,  22, 13
QN9KRQ, 1.0853344563554075, 0.8889811247767218,  20, 11
59X994, 1.0875204428545662, 0.8816475639071125,  21, 12
Q1DRN5, 1.1075427713832242, 0.8693094282437607,  24, 13
4VELWQ, 1.1120033870769883, 0.8639054378054468,  25, 14
QJNJ65, 1.094900536205017, 0.9035761198457293,  19, 10
4ZWLY4, 1.0970293217548186, 0.8952731121137537,  20, 10
4PVB34, 1.0914884153808326, 0.8735790432136155,  22, 13
47YRJQ, 1.0950059964093555, 0.868725529495288,  23, 13
4KRZGQ, 1.0833068315023262, 0.9056542856821714,  18, 9
42NREQ, 1.0850998366001035, 0.8982466973404041,  19, 10
5BWEZ5, 1.0832026690014604, 0.8834977160442383,  20, 12
58KN74, 1.0860834078053545, 0.8791841868374314,  21, 12
4G2VB4, 1.0774346565494697, 0.8899634319543462,  19, 11
5EN9N5, 1.078905396344719, 0.8831470185086927,  20, 12
QX1ZYQ, 1.0826952205789315, 0.9493228589346397,  13, 5
Q3ME14, 1.0859080004053498, 0.9447188554492502,  14, 6
56D9NQ, 1.0752911556825802, 0.9541408089908914,  12, 5
5DY395, 1.077105481099353, 0.9471234536643007,  13, 5
4YNP7Q, 1.0772648165405285, 0.9356515318412654,  14, 6
QMD2VQ, 1.0800856636304323, 0.9312955383389453,  15, 7
QLXKYQ, 1.0743976027822617, 0.9197096069875925,  15, 8
QW9JKQ, 1.0771483013654577, 0.9154856151583786,  16, 8
4RZXP5, 1.0761042063416049, 0.9340638872318168,  14, 7
4N9BR4, 1.0789951523507315, 0.9297812601330409,  15, 7
Q9XJ95, 1.0740249244533586, 0.9236730883290725,  15, 8
41DNNQ, 1.0767621634477698, 0.9194815876065014,  16, 8
5VEVW4, 1.0971076791572996, 0.8811458863382687,  22, 12
4JNP6Q, 1.1010088179489703, 0.8761127256548866,  22, 12
5ZW7Y5, 1.0812133563399295, 0.9238274975691771,  16, 8
5PVG35, 1.0843059052597386, 0.9192091700705118,  17, 8
57Y1J4, 1.1029062952998243, 0.5225786699049062,  58, 48
5KR7G4, 1.1072030247213471, 0.5194953399841634,  59, 48
52NGE4, 1.0906970149046438, 0.4896401822547673,  60, 51
QBW8ZQ, 1.0930813841695188, 0.48588753737392476,  61, 51
Q8K975, 1.091176928244733, 0.5166088947073285,  57, 48
5G26B5, 1.0948509952342182, 0.5138748341494105,  58, 49
QENXNQ, 1.0822263089947497, 0.47565616939592154,  61, 52
4X1NY4, 1.0843244988031835, 0.47232848971590746,  61, 53
43MG15, 1.0853344563554075, 0.45985279583048494,  63, 54
Q6D3N4, 1.0875204428545662, 0.4565200434312367,  63, 54
QDYE9Q, 1.094900536205017, 0.45346047686442725,  64, 55
5YN174, 1.0970293217548186, 0.4497919385696099,  65, 55
4MDWV4, 1.0833068315023262, 0.4596276216890241,  62, 54
4LXNY4, 1.0850998366001035, 0.45631280740344404,  63, 54
4W9NK4, 1.0832026690014604, 0.4793937866418379,  60, 52
5RZWPQ, 1.0860834078053545, 0.47697031273443563,  61, 52
5N9WR5, 1.0774346565494697, 0.4538546002153482,  62, 55
49X19Q, 1.078905396344719, 0.450775281840914,  63, 55
51DBN4, 1.0752911556825802, 0.482646420082639,  59, 52
QVEWW5, 1.077105481099353, 0.47952816894976336,  60, 52
5JNW64, 1.0772648165405285, 0.46032308458243165,  62, 54
QZWVYQ, 1.0800856636304323, 0.4582098823838575,  62, 54
QPVW3Q, 1.0743976027822617, 0.4512017969165763,  62, 55
Q7Y6J5, 1.0771483013654577, 0.44918772703936377,  63, 55
QKRWG5, 1.0761042063416049, 0.45872260260460723,  62, 54
Q2N8E5, 1.0789951523507315, 0.456658401345987,  62, 54
4BWKZ4, 1.0740249244533586, 0.4558312144340602,  62, 54
48K37Q, 1.0767621634477698, 0.45381386060628176,  62, 55
QG2EBQ, 1.0971076791572996, 0.4422490905684484,  65, 56
4EN8N4, 1.1010088179489703, 0.4397601807150215,  66, 56
5X1EY5, 1.0812133563399295, 0.45528895426366583,  63, 54
53MB1Q, 1.0843059052597386, 0.45528895426366583,  63, 54
24YM24, 1.1077306975524148, 0.99,  12, 1
WQM8DQ, 1.0763100973434592, 1.04,  4, -4
W4R22Q, 1.099010893048507, 0.56,  54, 44
L4N825, 1.0715113117282262, 0.58,  49, 42
7Q28VQ, 1.0991140298545963, 0.43,  67, 57
M4B8L5, 1.1122599997115445, 0.43,  68, 57
8489LQ, 1.115902818522812, 0.45,  67, 55
QJNZX5, 1.1171587610780742, 0.43,  69, 57
QPVKEQ, 1.0990198468940602, 0.4964678244462679,  60, 50
Q7YNM5, 1.1527784444561586, 0.504586885575913,  65, 50
QKRVP5, 1.1527784444561586, 0.504586885575913,  65, 50
Q2NX65, 1.1527784444561586, 0.504586885575913,  65, 50
4BWGY4, 1.1527784444561586, 0.504586885575913,  65, 50
48K12Q, 1.1239629829219815, 0.4900715316705262,  63, 51
QG2DWQ, 1.1239629829219815, 0.4900715316705262,  63, 51
4EN364, 1.1239629829219815, 0.4900715316705262,  63, 51
5X16G5, 1.1239629829219815, 0.4900715316705262,  63, 51
53MN7Q, 1.1239629829219815, 0.4900715316705262,  63, 51
46DYR5, 1.1104472480184648, 0.5552555634226175,  56, 44
4DYX34, 1.1104472480184648, 0.5552555634226175,  56, 44
QYND15, 1.1104472480184648, 0.5552555634226175,  56, 44
5MDZ15, 1.1104472480184648, 0.5552555634226175,  56, 44
5LXJJ5, 1.1057210699778754, 0.47529961484558475,  63, 52
5W93R5, 1.1057210699778754, 0.47529961484558475,  63, 52
QRZBN4, 1.1057210699778754, 0.47529961484558475,  63, 52
QN9P3Q, 1.1057210699778754, 0.47529961484558475,  63, 52
59XVZ4, 1.1057210699778754, 0.47529961484558475,  63, 52
Q1DVW5, 1.0933045990413863, 0.516201291995037,  58, 48
4VER2Q, 1.0933045990413863, 0.516201291995037,  58, 48
QJN295, 1.0933045990413863, 0.516201291995037,  58, 48
4ZWRW4, 1.0933045990413863, 0.516201291995037,  58, 48
4PV3E4, 1.1027089745184178, 0.5184029415233791,  58, 48
47Y2MQ, 1.0893471374783452, 0.5717037655913758,  52, 43
4KRBPQ, 1.0893471374783452, 0.5717037655913758,  52, 43
42NJ6Q, 1.0927628310665198, 0.46875443349270285,  62, 53
5BWNY5, 1.0927628310665198, 0.46875443349270285,  62, 53
58KB24, 1.1443372514960375, 0.48919453393453194,  66, 51
4G2PW4, 1.1443372514960375, 0.48919453393453194,  66, 51
5ENJ65, 1.1688634648207814, 0.4468352004966065,  72, 55
QX1RGQ, 1.1688634648207814, 0.4468352004966065,  72, 55
Q3MZ74, 1.1688634648207814, 0.4468352004966065,  72, 55
56DKRQ, 1.1688634648207814, 0.4468352004966065,  72, 55
5DYV35, 1.1688634648207814, 0.4468352004966065,  72, 55
4YNR1Q, 1.1688634648207814, 0.4468352004966065,  72, 55
QMDG1Q, 1.1260401511253944, 0.47481079782319024,  65, 53
QLX8JQ, 1.1260401511253944, 0.47481079782319024,  65, 53
QW9RRQ, 1.1260401511253944, 0.47481079782319024,  65, 53
4RZDN5, 1.1260401511253944, 0.47481079782319024,  65, 53
4N9E34, 1.1131139718795684, 0.5160126690606991,  60, 48
Q9X8Z5, 1.1131139718795684, 0.5160126690606991,  60, 48
41DYWQ, 1.1131139718795684, 0.5160126690606991,  60, 48
5VE324, 1.1131139718795684, 0.5160126690606991,  60, 48
4JNV9Q, 1.1131139718795684, 0.5160126690606991,  60, 48
5ZWMW5, 1.1131139718795684, 0.5160126690606991,  60, 48
5PV2E5, 1.1131139718795684, 0.5160126690606991,  60, 48
57YJM4, 1.1131139718795684, 0.5160126690606991,  60, 48
5KRJP4, 1.1058031706210723, 0.4484421321416856,  66, 55
52NM64, 1.1058031706210723, 0.4484421321416856,  66, 55
QBW3YQ, 1.1058031706210723, 0.4484421321416856,  66, 55
Q8KZ25, 1.1058031706210723, 0.4484421321416856,  66, 55
5G2LW5, 1.1058031706210723, 0.4484421321416856,  66, 55
QENY6Q, 1.095337725578972, 0.4622937863334553,  63, 54
4X1DG4, 1.095337725578972, 0.4622937863334553,  63, 54
43ML75, 1.095337725578972, 0.4622937863334553,  63, 54
Q6DVR4, 1.095337725578972, 0.4622937863334553,  63, 54
QDYD3Q, 1.095337725578972, 0.4622937863334553,  63, 54
5YNY14, 1.095337725578972, 0.4622937863334553,  63, 54
4MDP14, 1.1004794516648027, 0.49006382805332893,  61, 51
4LXZJ4, 1.1004794516648027, 0.49006382805332893,  61, 51
4W96R4, 1.1004794516648027, 0.49006382805332893,  61, 51
5RZNNQ, 1.1004794516648027, 0.49006382805332893,  61, 51
5N9735, 1.1004794516648027, 0.49006382805332893,  61, 51
49XPZQ, 1.1004794516648027, 0.49006382805332893,  61, 51
51D7W4, 1.088235254250516, 0.4923580864793984,  60, 51
QVE125, 1.088235254250516, 0.4923580864793984,  60, 51
5JN894, 1.088235254250516, 0.4923580864793984,  60, 51
QZWPWQ, 1.088235254250516, 0.4923580864793984,  60, 51
QPVDEQ, 1.088235254250516, 0.4923580864793984,  60, 51
Q7YEM5, 1.1009147203184022, 0.4916392089492385,  61, 51
QKRGP5, 1.0899848041062408, 0.4999194746300736,  59, 50
Q2NK65, 1.0899848041062408, 0.4999194746300736,  59, 50
4BWVY4, 1.0877904891440227, 0.4681526646115987,  62, 53
48KX2Q, 1.0877904891440227, 0.4681526646115987,  62, 53
QG2KWQ, 1.1538755343569396, 0.4643986660296597,  69, 54
4ENP64, 1.1358459639948035, 0.46493271406291303,  67, 54
5X1JG5, 1.1358459639948035, 0.46493271406291303,  67, 54
53M27Q, 1.1214801348060748, 0.48628732504916644,  64, 51
46DGR5, 1.1094456338787548, 0.4589270831606717,  65, 54
4DYN34, 1.1094456338787548, 0.4589270831606717,  65, 54
QYNZ15, 1.1094456338787548, 0.4589270831606717,  65, 54
5MDX15, 1.1094456338787548, 0.4589270831606717,  65, 54
5LXEJ5, 1.1094456338787548, 0.4589270831606717,  65, 54
5W9VR5, 1.1094456338787548, 0.4589270831606717,  65, 54
QRZMN4, 1.1135403356978673, 0.48661088536271585,  63, 51
QN933Q, 1.100203670247638, 0.4887088606142325,  61, 51
59X3Z4, 1.103594304973502, 0.46173926957729394,  64, 54
Q1D8W5, 1.103594304973502, 0.46173926957729394,  64, 54
4VEM2Q, 1.103594304973502, 0.46173926957729394,  64, 54
QJND95, 1.103594304973502, 0.46173926957729394,  64, 54
4ZWZW4, 1.0904114619242342, 0.4785739910977525,  61, 52
4PV7E4, 1.0904114619242342, 0.4785739910977525,  61, 52
47Y9MQ, 1.0904114619242342, 0.4785739910977525,  61, 52
4KRMPQ, 1.0860317596040372, 0.46973373095678683,  62, 53
49XZYQ, 1.0860317596040372, 0.46973373095678683,  62, 53
51D834, 1.0860317596040372, 0.46973373095678683,  62, 53
QVEMN5, 1.1026319824994026, 0.45666169015760916,  65, 54
5JNDL4, 1.0928656076279428, 0.4918858552163075,  60, 51
QZWZ8Q, 1.0885896898076046, 0.4657676567079038,  62, 53
QPV7JQ, 1.0885896898076046, 0.4657676567079038,  62, 53
Q7Y985, 1.0885896898076046, 0.4657676567079038,  62, 53
QKRMZ5, 1.0885896898076046, 0.4657676567079038,  62, 53
Q2NEG5, 1.0885896898076046, 0.4657676567079038,  62, 53
4BW984, 1.0853885710829816, 0.48638485043360186,  60, 51
48KV3Q, 1.1210950529976458, 0.4841692471816861,  64, 52
QG28DQ, 1.1013950481004713, 0.4655593068572359,  64, 53
4EN7J4, 1.0914287041127264, 0.4670184932210957,  62, 53
5X19D5, 1.0914287041127264, 0.4670184932210957,  62, 53
53M32Q, 1.0914287041127264, 0.4670184932210957,  62, 53
46DWW5, 1.0914287041127264, 0.4670184932210957,  62, 53
4DP224, 1.0914287041127264, 0.4670184932210957,  62, 53
QYK8G5, 1.0994638419097476, 0.47728861097308517,  62, 52
5MEJR4, 1.088532656576515, 0.4792289634423855,  61, 52
5LMDX4, 1.088532656576515, 0.4792289634423855,  61, 52
5W7274, 1.0908136317223198, 0.4792008041883492,  61, 52
QR1J6Q, 1.0908136317223198, 0.4792008041883492,  61, 52
QNLZ85, 1.0908136317223198, 0.4792008041883492,  61, 52
59B2Y5, 1.0881614287241694, 0.48317588723653465,  60, 52
Q19W34, 1.0881614287241694, 0.48317588723653465,  60, 52
4VPGN4, 1.0881614287241694, 0.48317588723653465,  60, 52
QJMGLQ, 1.0881614287241694, 0.48317588723653465,  60, 52
4Z2G85, 1.085055387969733, 0.47126621918461953,  61, 53
4PE1JQ, 1.085055387969733, 0.47126621918461953,  61, 53
473G85, 1.085055387969733, 0.47126621918461953,  61, 53
4KNXZ4, 1.085055387969733, 0.47126621918461953,  61, 53
4217G5, 1.085055387969733, 0.47126621918461953,  61, 53
5BMZ8Q, 1.085055387969733, 0.47126621918461953,  61, 53
58EY34, 1.0849119094180137, 0.49930352477828166,  59, 50
4GGRD4, 1.0849119094180137, 0.49930352477828166,  59, 50
5ED2JQ, 1.0849119094180137, 0.49930352477828166,  59, 50
QXYBD5, 1.0849119094180137, 0.49930352477828166,  59, 50
Q3VK24, 1.0849119094180137, 0.49930352477828166,  59, 50
56MPWQ, 1.0881111212901162, 0.47683390146036886,  61, 52
5DP725, 1.0881111212901162, 0.47683390146036886,  61, 52
4YKGGQ, 1.0881111212901162, 0.47683390146036886,  61, 52
QMEMR5, 1.1239629829219815, 0.4900715316705262,  63, 51
QLMVX5, 1.1239629829219815, 0.4900715316705262,  63, 51
QW7B75, 1.1239629829219815, 0.4900715316705262,  63, 51
4R1E64, 1.1239629829219815, 0.4900715316705262,  63, 51
4NLD8Q, 1.1239629829219815, 0.4900715316705262,  63, 51
Q9BKYQ, 1.1104472480184648, 0.5552555634226175,  56, 44
419P35, 1.1104472480184648, 0.5552555634226175,  56, 44
5VP2N5, 1.1104472480184648, 0.5552555634226175,  56, 44
4JMXL4, 1.1104472480184648, 0.5552555634226175,  56, 44
5Z2B8Q, 1.1057210699778754, 0.47529961484558475,  63, 52
5PENJ4, 1.1057210699778754, 0.47529961484558475,  63, 52
573P8Q, 1.1057210699778754, 0.47529961484558475,  63, 52
5KNYZ5, 1.1057210699778754, 0.47529961484558475,  63, 52
521YGQ, 1.1057210699778754, 0.47529961484558475,  63, 52
QBM784, 1.0933045990413863, 0.516201291995037,  58, 48
Q8E735, 1.0933045990413863, 0.516201291995037,  58, 48
5GGXD5, 1.0933045990413863, 0.516201291995037,  58, 48
QEDBJ4, 1.0933045990413863, 0.516201291995037,  58, 48
4XY8DQ, 1.1027089745184178, 0.5184029415233791,  58, 48
43VY25, 1.1027089745184178, 0.5184029415233791,  58, 48
Q6MXW4, 1.1027089745184178, 0.5184029415233791,  58, 48
QDPK2Q, 1.1027089745184178, 0.5184029415233791,  58, 48
5YK2G4, 1.0893471374783452, 0.5717037655913758,  52, 43
4MERRQ, 1.0893471374783452, 0.5717037655913758,  52, 43
4LM7XQ, 1.0893471374783452, 0.5717037655913758,  52, 43
4W7E7Q, 1.0893471374783452, 0.5717037655913758,  52, 43
5R1L65, 1.0893471374783452, 0.5717037655913758,  52, 43
5NLM84, 1.0893471374783452, 0.5717037655913758,  52, 43
49BGY4, 1.0893471374783452, 0.5717037655913758,  52, 43
519M3Q, 1.0893471374783452, 0.5717037655913758,  52, 43
QVPYNQ, 1.1260401511253944, 0.47481079782319024,  65, 53
5JM9L5, 1.1260401511253944, 0.47481079782319024,  65, 53
QZ2J84, 1.1260401511253944, 0.47481079782319024,  65, 53
QPEMJ5, 1.1260401511253944, 0.47481079782319024,  65, 53
Q73784, 1.1131139718795684, 0.5160126690606991,  60, 48
QKN1ZQ, 1.1131139718795684, 0.5160126690606991,  60, 48
Q21WG4, 1.1131139718795684, 0.5160126690606991,  60, 48
4BMJ85, 1.1131139718795684, 0.5160126690606991,  60, 48
48E83Q, 1.1131139718795684, 0.5160126690606991,  60, 48
QGGBDQ, 1.1131139718795684, 0.5160126690606991,  60, 48
4EDKJ5, 1.1058031706210723, 0.4484421321416856,  66, 55
5XYKD4, 1.1058031706210723, 0.4484421321416856,  66, 55
53VX2Q, 1.1058031706210723, 0.4484421321416856,  66, 55
46M8W5, 1.1058031706210723, 0.4484421321416856,  66, 55
4DPY24, 1.1058031706210723, 0.4484421321416856,  66, 55
QYKNG5, 1.095337725578972, 0.4622937863334553,  63, 54
5MEDR4, 1.095337725578972, 0.4622937863334553,  63, 54
5LMXX4, 1.095337725578972, 0.4622937863334553,  63, 54
5W7974, 1.095337725578972, 0.4622937863334553,  63, 54
QR1Z6Q, 1.095337725578972, 0.4622937863334553,  63, 54
QNL985, 1.095337725578972, 0.4622937863334553,  63, 54
59BXY5, 1.1004794516648027, 0.49006382805332893,  61, 51
Q19D34, 1.088235254250516, 0.4923580864793984,  60, 51
4VPEN4, 1.088235254250516, 0.4923580864793984,  60, 51
QJMNLQ, 1.088235254250516, 0.4923580864793984,  60, 51
4Z2W85, 1.088235254250516, 0.4923580864793984,  60, 51
4PEVJQ, 1.088235254250516, 0.4923580864793984,  60, 51
473Y85, 1.088235254250516, 0.4923580864793984,  60, 51
4KNRZ4, 1.0877904891440227, 0.4681526646115987,  62, 53
49BXJ4, 1.0877904891440227, 0.4681526646115987,  62, 53
519DBQ, 1.1538755343569396, 0.4643986660296597,  69, 54
QVPE8Q, 1.1358459639948035, 0.46493271406291303,  67, 54
5JMN15, 1.1358459639948035, 0.46493271406291303,  67, 54
QZ2WR4, 1.1214801348060748, 0.48628732504916644,  64, 51
QPEV25, 1.1094456338787548, 0.4589270831606717,  65, 54
Q73YE4, 1.1094456338787548, 0.4589270831606717,  65, 54
QKNRMQ, 1.1094456338787548, 0.4589270831606717,  65, 54
Q21174, 1.1094456338787548, 0.4589270831606717,  65, 54
4BMM75, 1.1094456338787548, 0.4589270831606717,  65, 54
48EE8Q, 1.1094456338787548, 0.4589270831606717,  65, 54
QGGG2Q, 1.1135403356978673, 0.48661088536271585,  63, 51
4EDDD5, 1.100203670247638, 0.4887088606142325,  61, 51
5XYY34, 1.1013950481004713, 0.4655593068572359,  64, 53
53VV6Q, 1.0914287041127264, 0.4670184932210957,  62, 53
46MM65, 1.1104472480184648, 0.5552555634226175,  56, 44
4DPP14, 1.1104472480184648, 0.5552555634226175,  56, 44
QYKKW5, 1.1057210699778754, 0.47529961484558475,  63, 52
5MEEY4, 1.1057210699778754, 0.47529961484558475,  63, 52
5LMM64, 1.1057210699778754, 0.47529961484558475,  63, 52
5W7784, 1.1057210699778754, 0.47529961484558475,  63, 52
QR113Q, 1.1057210699778754, 0.47529961484558475,  63, 52
QNLLK5, 1.0933045990413863, 0.516201291995037,  58, 48
59BBJ5, 1.0933045990413863, 0.516201291995037,  58, 48
Q199B4, 1.0933045990413863, 0.516201291995037,  58, 48
4VPP84, 1.0933045990413863, 0.516201291995037,  58, 48
QJMM1Q, 1.1027089745184178, 0.5184029415233791,  58, 48
4Z22R5, 1.1027089745184178, 0.5184029415233791,  58, 48
4PEE2Q, 1.1027089745184178, 0.5184029415233791,  58, 48
4733E5, 1.1027089745184178, 0.5184029415233791,  58, 48
4KNNM4, 1.0893471374783452, 0.5717037655913758,  52, 43
421975, 1.0893471374783452, 0.5717037655913758,  52, 43
5BM67Q, 1.0893471374783452, 0.5717037655913758,  52, 43
58EM84, 1.0893471374783452, 0.5717037655913758,  52, 43
4GGY24, 1.0893471374783452, 0.5717037655913758,  52, 43
5EDMDQ, 1.0893471374783452, 0.5717037655913758,  52, 43
QXY335, 1.0893471374783452, 0.5717037655913758,  52, 43
Q3V164, 1.0893471374783452, 0.5717037655913758,  52, 43
56MZ6Q, 1.1260401511253944, 0.47481079782319024,  65, 53
5DPW15, 1.1260401511253944, 0.47481079782319024,  65, 53
4YK3WQ, 1.1260401511253944, 0.47481079782319024,  65, 53
QMEKY5, 1.1260401511253944, 0.47481079782319024,  65, 53
QLMR65, 1.1131139718795684, 0.5160126690606991,  60, 48
QW7M85, 1.1131139718795684, 0.5160126690606991,  60, 48
4R1634, 1.1131139718795684, 0.5160126690606991,  60, 48
4NLXKQ, 1.1131139718795684, 0.5160126690606991,  60, 48
Q9BMJQ, 1.1131139718795684, 0.5160126690606991,  60, 48
419XB5, 1.1131139718795684, 0.5160126690606991,  60, 48
5VPD85, 1.1058031706210723, 0.4484421321416856,  66, 55
4JME14, 1.095337725578972, 0.4622937863334553,  63, 54
5Z29RQ, 1.095337725578972, 0.4622937863334553,  63, 54
5PE624, 1.1004794516648027, 0.49006382805332893,  61, 51
573MEQ, 1.1004794516648027, 0.49006382805332893,  61, 51
5KNKM5, 1.1004794516648027, 0.49006382805332893,  61, 51
521D7Q, 1.1004794516648027, 0.49006382805332893,  61, 51
QBMR74, 1.1004794516648027, 0.49006382805332893,  61, 51
Q8EW85, 1.088235254250516, 0.4923580864793984,  60, 51
5GG125, 1.088235254250516, 0.4923580864793984,  60, 51
QEDRD4, 1.088235254250516, 0.4923580864793984,  60, 51
4XYW3Q, 1.088235254250516, 0.4923580864793984,  60, 51
43V665, 1.088235254250516, 0.4923580864793984,  60, 51
Q6MN64, 1.088235254250516, 0.4923580864793984,  60, 51
QDPR1Q, 1.0877904891440227, 0.4681526646115987,  62, 53
5YKMW4, 1.0877904891440227, 0.4681526646115987,  62, 53
4ME8YQ, 1.1486471602460349, 0.47353316014848756,  68, 53
4LML6Q, 1.1279090370433933, 0.4599255939098424,  67, 54
4W7Y8Q, 1.1214801348060748, 0.48628732504916644,  64, 51
5R1235, 1.1094456338787548, 0.4589270831606717,  65, 54
5NL8K4, 1.1094456338787548, 0.4589270831606717,  65, 54
49BWJ4, 1.1094456338787548, 0.4589270831606717,  65, 54
5196BQ, 1.1094456338787548, 0.4589270831606717,  65, 54
QVPK8Q, 1.1094456338787548, 0.4589270831606717,  65, 54
5JMZ15, 1.1094456338787548, 0.4589270831606717,  65, 54
QZ2DR4, 1.111008589455333, 0.4851965928453875,  63, 51
QPE825, 1.0968742874426103, 0.4978033873282629,  60, 50
Q73WE4, 1.103594304973502, 0.46173926957729394,  64, 54
QKNPMQ, 1.103594304973502, 0.46173926957729394,  64, 54
Q21674, 1.103594304973502, 0.46173926957729394,  64, 54
4BMP75, 1.103594304973502, 0.46173926957729394,  64, 54
48E68Q, 1.0904114619242342, 0.4785739910977525,  61, 52
QGGJ2Q, 1.0904114619242342, 0.4785739910977525,  61, 52
4ED1D5, 1.0904114619242342, 0.4785739910977525,  61, 52
5XY734, 1.086608390883417, 0.4818459018651404,  60, 52
53VD6Q, 1.086608390883417, 0.4818459018651404,  60, 52
46M665, 1.086608390883417, 0.4818459018651404,  60, 52
4DP914, 1.086608390883417, 0.4818459018651404,  60, 52
QYKEW5, 1.086608390883417, 0.4818459018651404,  60, 52
5MELY4, 1.1028305379638415, 0.42,  68, 58
5LM264, 1.0991140298545963, 0.43,  67, 57
5W7P84, 1.1122599997115445, 0.43,  68, 57
QR193Q, 1.1028305379638415, 0.42,  68, 58
QYGNRQ, 1.1128840044569612, 0.7692702666275895,  34, 23
5MMDP5, 1.1218033381336454, 0.8373212642863587,  28, 16
5WB9W5, 1.1320563939583064, 0.79969650806748,  33, 20
QRE1J4, 1.1417645218724741, 0.8085217630176567,  33, 19
QNDLD4, 1.0871916120004896, 0.8764093694156797,  21, 12
59KBG5, 1.0977952836730276, 0.8845126603112008,  21, 12
Q1P9D5, 1.0975847521517166, 0.8617928921956977,  24, 14
4V2PP4, 1.1090710540412048, 0.8176646606001234,  29, 18
QJXME4, 1.127714470858034, 0.8250217038410372,  30, 17
4ZB2D4, 1.0787799407617222, 0.902607784869095,  18, 10
4PNERQ, 1.0859896597281282, 0.9146511393908893,  17, 9
47P3ZQ, 1.0863502089944732, 0.8934462459759427,  19, 11
4KYN95, 1.0816151803909784, 0.9467178923818924,  13, 5
42Y1Z4, 1.0911019558333728, 0.8895309601473322,  20, 11
5B7MX4, 1.08456992674829, 0.9155049685073701,  17, 8
587EJQ, 1.0956906410802691, 0.903469493295868,  19, 10
4GXG35, 1.08762939719318, 0.9189757072382393,  17, 8
5EBDE5, 1.096684232065871, 0.8529339977248772,  24, 15
QX8YZ5, 1.0917196169632706, 0.8926609311332868,  20, 11
Q3YVG4, 1.102581307495944, 0.8552111767832942,  25, 14
56XME4, 1.1152657937172699, 0.814967256080571,  30, 19
5D7PXQ, 1.0750928052435962, 0.9071976674368869,  17, 9
4YGKR4, 1.0797373244190578, 0.8937027498398947,  19, 11
QMMEPQ, 1.0744531039049015, 0.9291423679325487,  15, 7
QLVME5, 1.0817144607556128, 0.898689719977935,  18, 10
QWB7WQ, 1.077331575096845, 0.9678168173364732,  11, 3
4RE6J5, 1.0843343550436004, 0.9214386932071159,  16, 8
4NDXD5, 1.096934170959033, 0.8859929047086598,  21, 11
Q9KMGQ, 1.0741195140501132, 0.9688137448857551,  11, 3
41PXDQ, 1.0804158553118652, 0.9214742830594522,  16, 8
5V2DP5, 1.073509269130447, 0.9375033752692256,  14, 6
4JXEE5, 1.0810129034834732, 0.9261493219256104,  15, 7
5ZB9D5, 1.0747864178226427, 0.9599754627131937,  11, 4
5PN6R4, 1.081064515827431, 0.940149804744186,  14, 6
57PMZ4, 1.0859654312556337, 0.9083899480653225,  18, 9
5KYK9Q, 1.0810838894442485, 0.925684875541006,  16, 7
52Y9Z5, 1.07700968522465, 0.9179042552385951,  16, 8
QB76X5, 1.0801847998882894, 0.938564495938888,  14, 6
Q87MJ4, 1.0808411385147945, 0.9363316013129924,  14, 6
5GXY3Q, 1.0776035116131728, 0.9337278443749633,  14, 7
QEBMEQ, 1.07661592802825, 0.9147224730759901,  16, 9
4X83ZQ, 1.0787087852032082, 0.9349734117147304,  14, 7
43Y1G5, 1.0775691192573824, 0.9432574261771195,  13, 6
Q6XZE5, 1.1360633826623443, 0.8266216656226201,  31, 17
5YG3R5, 1.1222945176661676, 0.8546058170821217,  27, 15
4LVREQ, 1.1350195789953255, 0.8123825469248211,  32, 19
4WBMW4, 1.155624307291221, 0.8356324813076711,  32, 16
5ND8DQ, 1.0987694833805852, 0.8884785887543828,  21, 11
49KWG4, 1.1081303934264572, 0.9282603707656875,  18, 7
51P6D4, 1.117540741530098, 0.8357911084511676,  28, 16
5JXZEQ, 1.1151735768592916, 0.8524743467836918,  26, 15
QZBDDQ, 1.0978441859383257, 0.9949426582249394,  10, 1
QPN8R5, 1.106836482341479, 0.9759244478292135,  13, 2
Q7PWZ5, 1.1360717199080774, 0.7630953589510013,  37, 24
QKYP94, 1.1047604902334929, 0.8542155299119762,  25, 15
Q2YDZQ, 1.0846636568354906, 0.8481651993948263,  24, 15
4B7RXQ, 1.0864179497195037, 0.8416084821231774,  24, 16
4EBRE4, 1.096362991954555, 0.8342639749216079,  26, 17
5WBYW5, 1.0867044974866298, 0.9562042743120723,  13, 4
QND2D4, 1.0950130524108639, 0.9849099147753947,  11, 2
59KYG5, 1.139959328063269, 0.7788488098988249,  36, 22
Q1PGD5, 1.1348503584092986, 0.8330080973996495,  30, 17
QJX7E4, 1.1083499101877023, 0.8941355024338089,  21, 11
4PNRRQ, 1.107139982878699, 0.9576358057795021,  15, 4
47PDZQ, 1.134584111165341, 0.866503514530162,  27, 13
4KY295, 1.1133457220943628, 0.952379772970723,  16, 5
49KYD4, 1.0935375597066794, 0.9426264304482165,  15, 6
51PGL4, 1.100382925417962, 0.9354867706045201,  16, 6
QV2ZBQ, 1.0981436362245836, 0.9616604510771725,  14, 4
5JX73Q, 1.105204209961692, 0.9651355300038138,  14, 3
QZBELQ, 1.0912248815661953, 0.9743342294464382,  12, 3
QPNRG5, 1.092812461761942, 0.9453856131164142,  15, 5
Q7PD65, 1.0948061140544783, 0.9550316251233802,  14, 4
QKY2D4, 1.0883758167708477, 0.9665235710914946,  12, 3
Q2Y6XQ, 1.0887419029855854, 0.9709644283768147,  12, 3
4B7PNQ, 1.0878923502092752, 0.9707410161865265,  12, 3
4876Z5, 1.0875460696187798, 0.9242076272223044,  16, 8
QGXJK4, 1.0855074824281117, 0.9862283379972001,  10, 1
4EB174, 1.0839187204409872, 0.9679852360199304,  12, 3
5X8PB4, 1.0868892814798663, 0.948577136629013,  14, 5
53Y9YQ, 1.1268732262506571, 0.9372150755006161,  19, 6
46XJ8Q, 1.1489300376071376, 0.9627767106710352,  19, 4
4D71Y5, 1.124959346648373, 0.9826180139906184,  14, 2
QYG7KQ, 1.1117490562459382, 0.985592629885103,  13, 1
5MMBK5, 1.102474334217627, 0.9560664558877056,  15, 4
5LVBL4, 1.1006464765177857, 0.9527200974327801,  15, 5
5WBZP5, 1.0997266050910788, 0.9754530332374937,  12, 2
QRERR4, 1.145757028775745, 0.8164272851649088,  33, 18
QNDGJ4, 1.1138387396424667, 0.8884048568062307,  23, 11
59K7D5, 1.1196799682061376, 0.8656540398280954,  25, 13
Q1P3L5, 1.1051935784611404, 0.9023339132062681,  20, 10
4V2JB4, 1.1540861644703588, 0.7977264215479726,  36, 20
QJXK34, 1.1126527985896435, 0.920454945670683,  19, 8
4ZBKL4, 1.1100533767039849, 0.7764107719820736,  33, 22
4PNXGQ, 1.1171436583397643, 0.8451265383243938,  27, 15
47PZ6Q, 1.1285962486517591, 0.8082619037136061,  32, 19
4KYED5, 1.1362441891131283, 0.8172715903389716,  32, 18
42Y3X4, 1.0852553189909677, 0.8828522997668633,  20, 12
5B7YN4, 1.0940171978971442, 0.891165341187294,  20, 11
587PZQ, 1.1062447743989028, 0.8251715075897487,  28, 17
4GXZK5, 1.1226928826423284, 0.8329989950720609,  29, 17
5EBV75, 1.0769082146828295, 0.9085941060302808,  17, 9
QX8XB5, 1.0827283189034413, 0.9207514826451709,  16, 8
Q3YJY4, 1.0799294887231303, 0.9533378975249236,  13, 5
56X784, 1.0879323105874374, 0.8959739053489666,  19, 10
5D76YQ, 1.0824877598002711, 0.9219814595627972,  16, 8
4YGWK4, 1.092014487041466, 0.9101324788761329,  18, 9
QMMVKQ, 1.0855891063645648, 0.9258672930468043,  16, 7
QLV1L5, 1.0930751177502156, 0.8595525266848143,  23, 14
QWBXPQ, 1.0733467486304706, 0.9129552005040152,  16, 9
4REKR5, 1.0769266307388377, 0.8995223482136937,  18, 10
4NDJJ5, 1.0728651848889277, 0.9350472832138733,  14, 6
Q9KRDQ, 1.0788090337056804, 0.9045873602291531,  17, 10
41P1LQ, 1.0724063407125621, 0.9748891030808098,  10, 3
5V2NB5, 1.0777620967756323, 0.9273644877826976,  15, 7
4JXR35, 1.0780352649087992, 0.9320242802483575,  15, 7
5ZBXL5, 1.0783943202614557, 0.9316206663078518,  15, 7
5PNPG4, 1.0742926993404809, 0.9236281688501171,  15, 8
57PK64, 1.074921832153082, 0.9395485639451404,  14, 6
5KY9DQ, 1.1100533767039849, 0.7764107719820736,  33, 22
52YVX5, 1.1171436583397643, 0.8451265383243938,  27, 15
QB7DN5, 1.1285962486517591, 0.8082619037136061,  32, 19
Q872Z4, 1.1362441891131283, 0.8172715903389716,  32, 18
5GXNKQ, 1.0852553189909677, 0.8828522997668633,  20, 12
QEBW7Q, 1.0940171978971442, 0.891165341187294,  20, 11
4X8VBQ, 1.1062447743989028, 0.8251715075897487,  28, 17
43YPY5, 1.1226928826423284, 0.8329989950720609,  29, 17
Q6X285, 1.0769082146828295, 0.9085941060302808,  17, 9
QD7LY4, 1.0827283189034413, 0.9207514826451709,  16, 8
5YGJK5, 1.0799294887231303, 0.9533378975249236,  13, 5
4MMYK4, 1.0879323105874374, 0.8959739053489666,  19, 10
4LVYLQ, 1.0824877598002711, 0.9219814595627972,  16, 8
4WB1P4, 1.092014487041466, 0.9101324788761329,  18, 9
5REYRQ, 1.0855891063645648, 0.9258672930468043,  16, 7
5NDYJQ, 1.0930751177502156, 0.8595525266848143,  23, 14
49KDD4, 1.098594162221797, 0.8619380605003886,  24, 14
51PJL4, 1.1107750761146218, 0.8222659583173476,  29, 18
QV29BQ, 1.0733467486304706, 0.9129552005040152,  16, 9
5JXL3Q, 1.0769266307388377, 0.8995223482136937,  18, 10
QZBNLQ, 1.0728651848889277, 0.9350472832138733,  14, 6
QPNYG5, 1.0788090337056804, 0.9045873602291531,  17, 10
Q7PB65, 1.081402028459829, 0.927653131972951,  15, 7
QKYLD4, 1.0932343977660537, 0.8926209453477396,  20, 11
Q2YZXQ, 1.0724063407125621, 0.9748891030808098,  10, 3
4B7LNQ, 1.0777620967756323, 0.9273644877826976,  15, 7
487DZ5, 1.0780352649087992, 0.9320242802483575,  15, 7
QGXWK4, 1.0781495358974171, 0.9462861540905375,  13, 5
4EBL74, 1.0827758700378234, 0.9144808105627376,  17, 9
5X82B4, 1.0783943202614557, 0.9316206663078518,  15, 7
53YWYQ, 1.0742926993404809, 0.9236281688501171,  15, 8
46XL8Q, 1.0772480009880046, 0.944464155744385,  13, 6
4D7MY5, 1.0780433137466248, 0.9423164363293464,  14, 6
QYGBKQ, 1.074921832153082, 0.9395485639451404,  14, 6
5MM6K5, 1.073895949910888, 0.9203767992917391,  15, 8
5LV6L4, 1.0759058761216531, 0.9407946803838403,  14, 6
5WBKP5, 1.1348503584092986, 0.8330080973996495,  30, 17
QREVR4, 1.1540861644703588, 0.7977264215479726,  36, 20
QND6J4, 1.1083499101877023, 0.8941355024338089,  21, 11
59KLD5, 1.1126527985896435, 0.920454945670683,  19, 8
Q1PLL5, 1.107139982878699, 0.9576358057795021,  15, 4
4V27B4, 1.134584111165341, 0.866503514530162,  27, 13
QJXY34, 1.1133457220943628, 0.952379772970723,  16, 5
4ZB8L4, 1.0935375597066794, 0.9426264304482165,  15, 6
4PN9GQ, 1.100382925417962, 0.9354867706045201,  16, 6
47PL6Q, 1.0981436362245836, 0.9616604510771725,  14, 4
4KY6D5, 1.105204209961692, 0.9651355300038138,  14, 3
49KLV4, 1.0912248815661953, 0.9743342294464382,  12, 3
51PLV4, 1.092812461761942, 0.9453856131164142,  15, 5
QV273Q, 1.0948061140544783, 0.9550316251233802,  14, 4
5JXY8Q, 1.0883758167708477, 0.9665235710914946,  12, 3
QZB8ZQ, 1.0887419029855854, 0.9709644283768147,  12, 3
QPNJ15, 1.0878923502092752, 0.9707410161865265,  12, 3
Q7PVP5, 1.0875460696187798, 0.9242076272223044,  16, 8
QKY814, 1.0855074824281117, 0.9862283379972001,  10, 1
Q2YBNQ, 1.0839187204409872, 0.9679852360199304,  12, 3
4B71MQ, 1.0868892814798663, 0.948577136629013,  14, 5
487JM5, 1.145757028775745, 0.8164272851649088,  33, 18
QGX714, 1.1138387396424667, 0.8884048568062307,  23, 11
4EBZ14, 1.1196799682061376, 0.8656540398280954,  25, 13
5X8GP4, 1.1051935784611404, 0.9023339132062681,  20, 10
53Y8JQ, 1.0874555843861164, 0.9936103741134809,  9, 1
46X12Q, 1.0845552134608476, 0.9673052988518158,  12, 3
4KY315, 1.1360633826623443, 0.4618213294493267,  67, 54
5B72M4, 1.1222945176661676, 0.4640182278101284,  66, 54
4GX315, 1.1350195789953255, 0.4547297901064055,  68, 55
5EBG15, 1.155624307291221, 0.4788776859857566,  68, 52
Q3Y7J4, 1.0987694833805852, 0.4861038784831926,  61, 51
56XB24, 1.1081303934264572, 0.5030377142348025,  61, 50
5D78MQ, 1.117540741530098, 0.4384550349861703,  68, 56
QMM33Q, 1.1151735768592916, 0.4610626504512835,  65, 54
QLV3P5, 1.0978441859383257, 0.5584692376422123,  54, 44
QWBDJQ, 1.106836482341479, 0.5283556433004624,  58, 47
4RE3W5, 1.0867044974866298, 0.5183536562211637,  57, 48
4NDRN5, 1.0950130524108639, 0.5368903096032889,  56, 46
Q9KEVQ, 1.139959328063269, 0.4319505990986437,  71, 57
41PZVQ, 1.1360717199080774, 0.4324145967392119,  70, 57
5V2635, 1.1047604902334929, 0.4881400516525694,  62, 51
4JX385, 1.0846636568354906, 0.4479989042797414,  64, 55
5ZB6Z5, 1.0864179497195037, 0.4591114259436989,  63, 54
5PNB14, 1.096362991954555, 0.4777965365846351,  62, 52
57PRP4, 1.1348503584092986, 0.4690942036155875,  67, 53
5KYZ1Q, 1.1540861644703588, 0.4239074372964013,  73, 58
52YRN5, 1.1083499101877023, 0.4817646354518643,  63, 52
QB7BM5, 1.1126527985896435, 0.4649865420797881,  65, 54
Q87RM4, 1.107139982878699, 0.5118055922245567,  60, 49
5GX91Q, 1.134584111165341, 0.4432875816435263,  69, 56
QEBE1Q, 1.1133457220943628, 0.4759913191743305,  64, 52
4X8LPQ, 1.0935375597066794, 0.5118654263431467,  58, 49
43YRJ5, 1.100382925417962, 0.4689865700847781,  63, 53
Q6XR25, 1.0981436362245836, 0.4734037854745275,  62, 53
QD7GM4, 1.105204209961692, 0.4772104924254533,  63, 52
5YGL95, 1.0912248815661953, 0.5055055994090613,  59, 49
4MM734, 1.092812461761942, 0.4692338658141237,  62, 53
4LVPPQ, 1.0948061140544783, 0.4726772513386214,  62, 53
4WBLJ4, 1.0883758167708477, 0.484152587603175,  60, 52
5REGWQ, 1.0887419029855854, 0.4752240754037615,  61, 52
5NDKNQ, 1.0878923502092752, 0.4757938502384668,  61, 52
49K9V4, 1.0875460696187798, 0.4567124986118243,  63, 54
51PRV4, 1.0855074824281117, 0.4800643465103825,  61, 52
QV2L3Q, 1.0839187204409872, 0.4739196546656825,  61, 53
5JXJ8Q, 1.0868892814798663, 0.4606713932466328,  63, 54
QZBLZQ, 1.1268732262506571, 0.5040922439496801,  62, 50
QPNG15, 1.1489300376071376, 0.5133497956118208,  64, 49
Q7P1P5, 1.124959346648373, 0.5005650671427182,  62, 50
QKY714, 1.1117490562459382, 0.4997958934246468,  61, 50
Q2YGNQ, 1.102474334217627, 0.4778432952077966,  62, 52
4B7EMQ, 1.1006464765177857, 0.4813319316857664,  62, 52
487NM5, 1.0997266050910788, 0.5139507643137606,  59, 49
QGXV14, 1.145757028775745, 0.4207057127056378,  73, 58
4EB914, 1.1138387396424667, 0.446794927027781,  67, 55
5X8ZP4, 1.1196799682061376, 0.4387064904522545,  68, 56
53YEJQ, 1.1051935784611404, 0.4542179420971436,  65, 55
46X92Q, 1.1348503584092986, 0.4690942036155875,  67, 53
4D73M5, 1.1540861644703588, 0.4239074372964013,  73, 58
QYGP9Q, 1.1083499101877023, 0.4817646354518643,  63, 52
5MM235, 1.1126527985896435, 0.4649865420797881,  65, 54
5LVKP4, 1.107139982878699, 0.5118055922245567,  60, 49
5WBJJ5, 1.134584111165341, 0.4432875816435263,  69, 56
QREXW4, 1.1133457220943628, 0.4759913191743305,  64, 52
QNDBN4, 1.0935375597066794, 0.5118654263431467,  58, 49
59KJV5, 1.100382925417962, 0.4689865700847781,  63, 53
Q1PNV5, 1.0981436362245836, 0.4734037854745275,  62, 53
4V2V34, 1.105204209961692, 0.4772104924254533,  63, 52
QJXP84, 1.0912248815661953, 0.5055055994090613,  59, 49
4ZB7Z4, 1.092812461761942, 0.4692338658141237,  62, 53
4PNW1Q, 1.0948061140544783, 0.4726772513386214,  62, 53
47P6PQ, 1.0883758167708477, 0.484152587603175,  60, 52
4KYW15, 1.0887419029855854, 0.4752240754037615,  61, 52
49K1X4, 1.0878923502092752, 0.4757938502384668,  61, 52
51PB94, 1.0875460696187798, 0.4567124986118243,  63, 54
QV2WDQ, 1.0855074824281117, 0.4800643465103825,  61, 52
5JXWZQ, 1.0839187204409872, 0.4739196546656825,  61, 53
QZBVEQ, 1.0868892814798663, 0.4606713932466328,  63, 54
QPNWX5, 1.145757028775745, 0.4207057127056378,  73, 58
Q7P6K5, 1.1138387396424667, 0.446794927027781,  67, 55
QKYWL4, 1.1196799682061376, 0.4387064904522545,  68, 56
Q2Y8LQ, 1.1051935784611404, 0.4542179420971436,  65, 55
4B781Q, 1.0874555843861164, 0.4881898721209223,  60, 51
4879G5, 1.0845552134608476, 0.4670365556650763,  62, 53
QGX694, 1.1128840044569612, 0.3981827981701858,  71, 60
4EBX94, 1.1218033381336454, 0.4665827552024014,  66, 53
53YGBQ, 1.1320563939583064, 0.4078741990644504,  72, 59
46X3YQ, 1.1417645218724741, 0.4301748129162629,  71, 57
4D7EV5, 1.0871916120004896, 0.4444406480922646,  64, 56
QYG1YQ, 1.0977952836730276, 0.4724812589875276,  63, 53
5MMWX5, 1.0975847521517166, 0.4619143629421756,  64, 54
5LVNW4, 1.1090710540412048, 0.4115337416187351,  70, 59
5WBG25, 1.127714470858034, 0.4204243242870106,  71, 58
QRE7E4, 1.0787799407617222, 0.4598119495223178,  62, 54
QNDNM4, 1.0859896597281282, 0.4962961923219151,  59, 50
59K6X5, 1.0863502089944732, 0.4870351592030594,  60, 51
Q1PK95, 1.0816151803909784, 0.4787556089574454,  60, 52
4V28D4, 1.0911019558333728, 0.446799507535249,  64, 55
QJX6Z4, 1.08456992674829, 0.4623889311471099,  62, 54
4ZB3E4, 1.0956906410802691, 0.480546335836263,  62, 52
4PNZXQ, 1.08762939719318, 0.4635571119423893,  62, 54
47PXKQ, 1.096684232065871, 0.4292639057255652,  67, 57
4KYDL5, 1.0917196169632706, 0.4844789670222954,  61, 52
42Y2L4, 1.102581307495944, 0.4283083604856109,  67, 57
5B7K14, 1.1152657937172699, 0.4309305262443879,  68, 57
5873GQ, 1.0750928052435962, 0.453703254331579,  62, 55
4GXE95, 1.0797373244190578, 0.4646836891589112,  62, 54
5EB895, 1.0744531039049015, 0.4648229098650151,  61, 54
QX8EN5, 1.0817144607556128, 0.4445571402355228,  64, 56
Q3YBB4, 1.077331575096845, 0.4850852547755391,  59, 51
56XEY4, 1.0843343550436004, 0.4507196635145807,  63, 55
5D7BVQ, 1.096934170959033, 0.4380334050470338,  66, 56
4YGXY4, 1.0741195140501132, 0.512768336540471,  56, 49
QMM1XQ, 1.0804158553118652, 0.460208819416981,  62, 54
QLV9W5, 1.073509269130447, 0.467466422191038,  61, 53
QWB32Q, 1.0810129034834732, 0.4539195014876392,  63, 55
4REBE5, 1.0747864178226427, 0.4776284365097824,  60, 52
4NDPM5, 1.081064515827431, 0.4596691955538817,  62, 54
Q9KVXQ, 1.0859654312556337, 0.4492917614969781,  64, 55
41PE9Q, 1.0810838894442485, 0.457774461258126,  62, 54
5V2XD5, 1.07700968522465, 0.4460375279267384,  63, 55
4JX1Z5, 1.0801847998882894, 0.4588057681181131,  62, 54
5PNKX4, 1.0808411385147945, 0.4598127718775477,  62, 54
5ZBYE5, 1.0776035116131728, 0.4507516620059281,  63, 55
57PNK4, 1.07661592802825, 0.4440696460237978,  63, 56
5KYVLQ, 1.0787087852032082, 0.4587616421670695,  62, 54
52YXL5, 1.0775691192573824, 0.456928263719622,  62, 54
QB7G15, 1.1100533767039849, 0.4018788027159772,  71, 60
Q871G4, 1.1171436583397643, 0.4709321088150558,  65, 53
5GXD9Q, 1.1285962486517591, 0.4122428612426514,  72, 59
QEB39Q, 1.1362441891131283, 0.4348301672965185,  70, 57
4X86NQ, 1.0852553189909677, 0.4477079570015732,  64, 55
43YNB5, 1.0940171978971442, 0.4760349300394184,  62, 52
Q6XYY5, 1.1062447743989028, 0.4153119663339043,  69, 58
QD7XV4, 1.1226928826423284, 0.4244894867667725,  70, 58
5YGDY5, 1.0769082146828295, 0.4628615376709406,  61, 54
4MMZX4, 1.0827283189034413, 0.4996062818178653,  58, 50
4LVJWQ, 1.0799294887231303, 0.4821033481509863,  60, 52
4WBR24, 1.0879323105874374, 0.4500357127626534,  64, 55
5REDEQ, 1.0824877598002711, 0.465659975958134,  62, 53
5NDEMQ, 1.092014487041466, 0.4840903108460285,  61, 52
49K8X4, 1.0855891063645648, 0.4670334210427922,  62, 53
51PV94, 1.0930751177502156, 0.4325948734195236,  66, 57
QV2RDQ, 1.0733467486304706, 0.4565826835709179,  62, 54
5JX2ZQ, 1.0769266307388377, 0.4677096085065294,  61, 53
QZBREQ, 1.0728651848889277, 0.4677769672821568,  61, 53
QPN3X5, 1.0788090337056804, 0.4474745410090443,  63, 55
Q7P2K5, 1.0724063407125621, 0.515983868248202,  56, 48
QKYBL4, 1.0777620967756323, 0.4631505446627568,  61, 54
Q2YJLQ, 1.0780352649087992, 0.4567989055858654,  62, 54
4B7N1Q, 1.0783943202614557, 0.4607098591372863,  62, 54
487BG5, 1.0742926993404809, 0.4488189512209205,  63, 55
QGXP94, 1.074921832153082, 0.4535615803736128,  62, 55
4EBJ94, 1.1100533767039849, 0.4018788027159772,  71, 60
5X8RN4, 1.1171436583397643, 0.4709321088150558,  65, 53
53YZBQ, 1.1285962486517591, 0.4122428612426514,  72, 59
46XKYQ, 1.1362441891131283, 0.4348301672965185,  70, 57
4D7VV5, 1.0852553189909677, 0.4477079570015732,  64, 55
QYGRYQ, 1.0940171978971442, 0.4760349300394184,  62, 52
5MMGX5, 1.1062447743989028, 0.4153119663339043,  69, 58
5LV8W4, 1.1226928826423284, 0.4244894867667725,  70, 58
5WB625, 1.0769082146828295, 0.4628615376709406,  61, 54
QRENE4, 1.0827283189034413, 0.4996062818178653,  58, 50
QND7M4, 1.0799294887231303, 0.4821033481509863,  60, 52
59KPX5, 1.0879323105874374, 0.4500357127626534,  64, 55
Q1PY95, 1.0824877598002711, 0.465659975958134,  62, 53
4V23D4, 1.092014487041466, 0.4840903108460285,  61, 52
QJXVZ4, 1.0855891063645648, 0.4670334210427922,  62, 53
4ZBME4, 1.0930751177502156, 0.4325948734195236,  66, 57
4PN2XQ, 1.098594162221797, 0.4316773301790182,  67, 57
47PJKQ, 1.1107750761146218, 0.434789863625526,  68, 57
4KYJL5, 1.0733467486304706, 0.4565826835709179,  62, 54
49KPL4, 1.0769266307388377, 0.4677096085065294,  61, 53
51PY24, 1.0728651848889277, 0.4677769672821568,  61, 53
QV236Q, 1.0788090337056804, 0.4474745410090443,  63, 55
5JXVJQ, 1.081402028459829, 0.4537594422541952,  63, 55
QZBM7Q, 1.0932343977660537, 0.441310297214563,  65, 56
QPN2W5, 1.0724063407125621, 0.515983868248202,  56, 48
Q7PJX5, 1.0777620967756323, 0.4631505446627568,  61, 54
QKYJV4, 1.0780352649087992, 0.4567989055858654,  62, 54
Q2YMJQ, 1.0781495358974171, 0.4626694522719507,  62, 54
4B733Q, 1.0827758700378234, 0.4523043161232461,  63, 55
487ZX5, 1.0783943202614557, 0.4607098591372863,  62, 54
QGXL84, 1.0742926993404809, 0.4488189512209205,  63, 55
4EBP24, 1.0772480009880046, 0.4616897446167009,  62, 54
5X8J84, 1.0780433137466248, 0.462751798579456,  62, 54
53Y2XQ, 1.074921832153082, 0.4535615803736128,  62, 55
46XGDQ, 1.073895949910888, 0.4468146476117518,  63, 55
4D7NP5, 1.0759058761216531, 0.4616179530959961,  61, 54
5MMX85, 1.1222945176661676, 0.8546058170821217,  27, 15
5LVE24, 1.1350195789953255, 0.8123825469248211,  32, 19
5WBVZ5, 1.155624307291221, 0.8356324813076711,  32, 16
QREMK4, 1.0987694833805852, 0.8884785887543828,  21, 11
QND3Y4, 1.1081303934264572, 0.9282603707656875,  18, 7
59K3L5, 1.117540741530098, 0.8357911084511676,  28, 16
Q1P725, 1.1151735768592916, 0.8524743467836918,  26, 15
4V2164, 1.0978441859383257, 0.9949426582249394,  10, 1
QJX8J4, 1.106836482341479, 0.9759244478292135,  13, 2
4ZBP74, 1.1360717199080774, 0.7630953589510013,  37, 24
4PNDWQ, 1.1047604902334929, 0.8542155299119762,  25, 15
47PEXQ, 1.0846636568354906, 0.8481651993948263,  24, 15
4KYGV5, 1.0864179497195037, 0.8416084821231774,  24, 16
42YKJ4, 1.096362991954555, 0.8342639749216079,  26, 17
5B7V34, 1.0867044974866298, 0.9562042743120723,  13, 4
587XXQ, 1.0950130524108639, 0.9849099147753947,  11, 2
4GXK85, 1.139959328063269, 0.7788488098988249,  36, 22
5EB725, 1.1348503584092986, 0.8330080973996495,  30, 17
QX8985, 1.1540861644703588, 0.7977264215479726,  36, 20
Q3Y3X4, 1.1083499101877023, 0.8941355024338089,  21, 11
56XWD4, 1.1126527985896435, 0.920454945670683,  19, 8
5D7ZPQ, 1.107139982878699, 0.9576358057795021,  15, 4
4YGV34, 1.134584111165341, 0.866503514530162,  27, 13
QMM98Q, 1.1133457220943628, 0.952379772970723,  16, 5
QLVW25, 1.0935375597066794, 0.9426264304482165,  15, 6
QWBWZQ, 1.100382925417962, 0.9354867706045201,  16, 6
4RE8K5, 1.0981436362245836, 0.9616604510771725,  14, 4
4NDVY5, 1.105204209961692, 0.9651355300038138,  14, 3
Q9KZLQ, 1.0912248815661953, 0.9743342294464382,  12, 3
41P82Q, 1.092812461761942, 0.9453856131164142,  15, 5
5V2M65, 1.0948061140544783, 0.9550316251233802,  14, 4
4JXDJ5, 1.0883758167708477, 0.9665235710914946,  12, 3
5ZBZ75, 1.0887419029855854, 0.9709644283768147,  12, 3
5PN7W4, 1.0878923502092752, 0.9707410161865265,  12, 3
57P9X4, 1.0875460696187798, 0.9242076272223044,  16, 8
5KYMVQ, 1.0855074824281117, 0.9862283379972001,  10, 1
52YEJ5, 1.0839187204409872, 0.9679852360199304,  12, 3
QB7935, 1.0868892814798663, 0.948577136629013,  14, 5
Q87VX4, 1.1268732262506571, 0.9372150755006161,  19, 6
5GX88Q, 1.1489300376071376, 0.9627767106710352,  19, 4
QEK22Q, 1.124959346648373, 0.9826180139906184,  14, 2
4XKB85, 1.1117490562459382, 0.985592629885103,  13, 1
43XKXQ, 1.102474334217627, 0.9560664558877056,  15, 4
Q68PD4, 1.1006464765177857, 0.9527200974327801,  15, 5
QDK2P5, 1.0997266050910788, 0.9754530332374937,  12, 2
5Y2835, 1.145757028775745, 0.8164272851649088,  33, 18
4MRJ85, 1.1826393930065529, 0.7410862809139487,  44, 26
4L7D24, 1.1138387396424667, 0.8884048568062307,  23, 11
4WE2Z4, 1.1196799682061376, 0.8656540398280954,  25, 13
5RLJK5, 1.1051935784611404, 0.9023339132062681,  20, 10
5NMZYQ, 1.1348503584092986, 0.8330080973996495,  30, 17
49G2L5, 1.1540861644703588, 0.7977264215479726,  36, 20
51MW24, 1.1083499101877023, 0.8941355024338089,  21, 11
QVYG6Q, 1.1126527985896435, 0.920454945670683,  19, 8
5J9GJ4, 1.107139982878699, 0.9576358057795021,  15, 4
QZJG74, 1.134584111165341, 0.866503514530162,  27, 13
QPM1WQ, 1.1133457220943628, 0.952379772970723,  16, 5
Q77GXQ, 1.0935375597066794, 0.9426264304482165,  15, 6
QK1XV5, 1.100382925417962, 0.9354867706045201,  16, 6
Q2W7J5, 1.0981436362245836, 0.9616604510771725,  14, 4
4BJZ35, 1.105204209961692, 0.9651355300038138,  14, 3
488YX4, 1.0912248815661953, 0.9743342294464382,  12, 3
QGBR85, 1.092812461761942, 0.9453856131164142,  15, 5
4EKB24, 1.0948061140544783, 0.9550316251233802,  14, 4
5XK88Q, 1.0883758167708477, 0.9665235710914946,  12, 3
53XYX4, 1.0887419029855854, 0.9709644283768147,  12, 3
468XD5, 1.0878923502092752, 0.9707410161865265,  12, 3
4DK7PQ, 1.0875460696187798, 0.9242076272223044,  16, 8
QY2G3Q, 1.0855074824281117, 0.9862283379972001,  10, 1
5MRM8Q, 1.0839187204409872, 0.9679852360199304,  12, 3
5L7V25, 1.0868892814798663, 0.948577136629013,  14, 5
5WEBZ5, 1.145757028775745, 0.8164272851649088,  33, 18
QRLEKQ, 1.1826393930065529, 0.7410862809139487,  44, 26
QNMDY4, 1.1138387396424667, 0.8884048568062307,  23, 11
59GKLQ, 1.1196799682061376, 0.8656540398280954,  25, 13
Q1MP25, 1.1051935784611404, 0.9023339132062681,  20, 10
4VY264, 1.0874555843861164, 0.9936103741134809,  9, 1
QJ9XJ5, 1.0845552134608476, 0.9673052988518158,  12, 3
4ZJB75, 1.1128840044569612, 0.7692702666275895,  34, 23
4PMNW4, 1.1218033381336454, 0.8373212642863587,  28, 16
4K1YVQ, 1.1320563939583064, 0.79969650806748,  33, 20
49GK85, 1.1417645218724741, 0.8085217630176567,  33, 19
51MPY4, 1.0871916120004896, 0.8764093694156797,  21, 12
QVY21Q, 1.0977952836730276, 0.8845126603112008,  21, 12
5J9XD4, 1.0975847521517166, 0.8617928921956977,  24, 14
QZJJG4, 1.1090710540412048, 0.8176646606001234,  29, 18
QPMMNQ, 1.127714470858034, 0.8250217038410372,  30, 17
Q7777Q, 1.0787799407617222, 0.902607784869095,  18, 10
QK11R5, 1.0859896597281282, 0.9146511393908893,  17, 9
Q2WW15, 1.0863502089944732, 0.8934462459759427,  19, 11
4BJJ65, 1.0816151803909784, 0.9467178923818924,  13, 5
4888W4, 1.0911019558333728, 0.8895309601473322,  20, 11
QGBBJ5, 1.08456992674829, 0.9155049685073701,  17, 8
4EKKV4, 1.0956906410802691, 0.903469493295868,  19, 10
5XKKXQ, 1.08762939719318, 0.9189757072382393,  17, 8
53XXP4, 1.096684232065871, 0.8529339977248772,  24, 15
4688L5, 1.0917196169632706, 0.8926609311332868,  20, 11
4DKKJQ, 1.102581307495944, 0.8552111767832942,  25, 14
QY226Q, 1.1152657937172699, 0.814967256080571,  30, 19
5MRR7Q, 1.0750928052435962, 0.9071976674368869,  17, 9
5L77K5, 1.0797373244190578, 0.8937027498398947,  19, 11
5WEEN5, 1.0744531039049015, 0.9291423679325487,  15, 7
QRLL7Q, 1.0817144607556128, 0.898689719977935,  18, 10
QNMMP4, 1.077331575096845, 0.9678168173364732,  11, 3
59GG8Q, 1.0843343550436004, 0.9214386932071159,  16, 8
Q1MMY5, 1.096934170959033, 0.8859929047086598,  21, 11
4VYY14, 1.0741195140501132, 0.9688137448857551,  11, 3
QJ99D5, 1.0804158553118652, 0.9214742830594522,  16, 8
4ZJWG5, 1.073509269130447, 0.9375033752692256,  14, 6
4PMVN4, 1.0810129034834732, 0.9261493219256104,  15, 7
477Y74, 1.0747864178226427, 0.9599754627131937,  11, 4
4K1RRQ, 1.081064515827431, 0.940149804744186,  14, 6
42WN1Q, 1.0859654312556337, 0.9083899480653225,  18, 9
5BJW6Q, 1.0810838894442485, 0.925684875541006,  16, 7
588KW5, 1.07700968522465, 0.9179042552385951,  16, 8
4GB2JQ, 1.0801847998882894, 0.938564495938888,  14, 6
5EKNV5, 1.0808411385147945, 0.9363316013129924,  14, 6
QXK1X4, 1.0776035116131728, 0.9337278443749633,  14, 7
Q3XMP5, 1.07661592802825, 0.9147224730759901,  16, 9
568DLQ, 1.0787087852032082, 0.9349734117147304,  14, 7
5DKYJ4, 1.0775691192573824, 0.9432574261771195,  13, 6
4Y2N64, 1.1100533767039849, 0.7764107719820736,  33, 22
QMRD74, 1.1171436583397643, 0.8451265383243938,  27, 15
QL7XKQ, 1.1285962486517591, 0.8082619037136061,  32, 19
QWE9NQ, 1.1362441891131283, 0.8172715903389716,  32, 18
4RLZ74, 1.0852553189909677, 0.8828522997668633,  20, 12
4NM9P5, 1.0940171978971442, 0.891165341187294,  20, 11
Q9GX84, 1.1062447743989028, 0.8251715075897487,  28, 17
41MDYQ, 1.1226928826423284, 0.8329989950720609,  29, 17
5VYE15, 1.0769082146828295, 0.9085941060302808,  17, 9
4J9NDQ, 1.0827283189034413, 0.9207514826451709,  16, 8
5ZJ2GQ, 1.0799294887231303, 0.9533378975249236,  13, 5
5PMEN5, 1.0879323105874374, 0.8959739053489666,  19, 10
577375, 1.0824877598002711, 0.9219814595627972,  16, 8
5K1NR4, 1.092014487041466, 0.9101324788761329,  18, 9
52W114, 1.0855891063645648, 0.9258672930468043,  16, 7
QBJM64, 1.0930751177502156, 0.8595525266848143,  23, 14
Q88EWQ, 1.0733467486304706, 0.9129552005040152,  16, 9
5GBGJ4, 1.0769266307388377, 0.8995223482136937,  18, 10
QEKDVQ, 1.0728651848889277, 0.9350472832138733,  14, 6
4XKYX5, 1.0788090337056804, 0.9045873602291531,  17, 10
43XVPQ, 1.0724063407125621, 0.9748891030808098,  10, 3
Q68ML4, 1.0777620967756323, 0.9273644877826976,  15, 7
QDKPJ5, 1.0780352649087992, 0.9320242802483575,  15, 7
5Y2K65, 1.0783943202614557, 0.9316206663078518,  15, 7
4MRE75, 1.0742926993404809, 0.9236281688501171,  15, 8
4L7MK4, 1.074921832153082, 0.9395485639451404,  14, 6
4WE7N4, 1.1100533767039849, 0.7764107719820736,  33, 22
5RL175, 1.1171436583397643, 0.8451265383243938,  27, 15
5NMLPQ, 1.1285962486517591, 0.8082619037136061,  32, 19
49GB85, 1.1362441891131283, 0.8172715903389716,  32, 18
51M9Y4, 1.0852553189909677, 0.8828522997668633,  20, 12
QVYP1Q, 1.0940171978971442, 0.891165341187294,  20, 11
5J9MD4, 1.1062447743989028, 0.8251715075897487,  28, 17
QZJ9G4, 1.1226928826423284, 0.8329989950720609,  29, 17
QPM6NQ, 1.0769082146828295, 0.9085941060302808,  17, 9
Q77M7Q, 1.0827283189034413, 0.9207514826451709,  16, 8
QK1KR5, 1.0799294887231303, 0.9533378975249236,  13, 5
Q2W915, 1.0879323105874374, 0.8959739053489666,  19, 10
4BJ665, 1.0824877598002711, 0.9219814595627972,  16, 8
488MW4, 1.092014487041466, 0.9101324788761329,  18, 9
QGBYJ5, 1.0855891063645648, 0.9258672930468043,  16, 7
4EKMV4, 1.0930751177502156, 0.8595525266848143,  23, 14
5XK3XQ, 1.098594162221797, 0.8619380605003886,  24, 14
53X1P4, 1.1107750761146218, 0.8222659583173476,  29, 18
468ZL5, 1.0733467486304706, 0.9129552005040152,  16, 9
4DKWJQ, 1.0769266307388377, 0.8995223482136937,  18, 10
QY236Q, 1.0728651848889277, 0.9350472832138733,  14, 6
5MRK7Q, 1.0788090337056804, 0.9045873602291531,  17, 10
5L7RK5, 1.081402028459829, 0.927653131972951,  15, 7
5WEMN5, 1.0932343977660537, 0.8926209453477396,  20, 11
QRL67Q, 1.0724063407125621, 0.9748891030808098,  10, 3
QNMXP4, 1.0777620967756323, 0.9273644877826976,  15, 7
59GM8Q, 1.0780352649087992, 0.9320242802483575,  15, 7
Q1MXY5, 1.0781495358974171, 0.9462861540905375,  13, 5
4VYD14, 1.0827758700378234, 0.9144808105627376,  17, 9
QJ9ED5, 1.0783943202614557, 0.9316206663078518,  15, 7
4ZJDG5, 1.0742926993404809, 0.9236281688501171,  15, 8
4PM8N4, 1.0772480009880046, 0.944464155744385,  13, 6
477W74, 1.0780433137466248, 0.9423164363293464,  14, 6
4K1PRQ, 1.074921832153082, 0.9395485639451404,  14, 6
49GWB5, 1.073895949910888, 0.9203767992917391,  15, 8
51M6X4, 1.0759058761216531, 0.9407946803838403,  14, 6
QVYKKQ, 1.1348503584092986, 0.8330080973996495,  30, 17
5J9Z74, 1.1540861644703588, 0.7977264215479726,  36, 20
QZJDK4, 1.1083499101877023, 0.8941355024338089,  21, 11
QPM8PQ, 1.1126527985896435, 0.920454945670683,  19, 8
Q77WBQ, 1.107139982878699, 0.9576358057795021,  15, 4
QK1P65, 1.134584111165341, 0.866503514530162,  27, 13
Q2WDB5, 1.1133457220943628, 0.952379772970723,  16, 5
4BJR25, 1.0935375597066794, 0.9426264304482165,  15, 6
488WR4, 1.100382925417962, 0.9354867706045201,  16, 6
QGB1V5, 1.0981436362245836, 0.9616604510771725,  14, 4
4EKRX4, 1.105204209961692, 0.9651355300038138,  14, 3
5XKWEQ, 1.0912248815661953, 0.9743342294464382,  12, 3
53X6N4, 1.092812461761942, 0.9453856131164142,  15, 5
468NK5, 1.0948061140544783, 0.9550316251233802,  14, 4
4DKRDQ, 1.0883758167708477, 0.9665235710914946,  12, 3
QY2MZQ, 1.0887419029855854, 0.9709644283768147,  12, 3
5MR89Q, 1.0878923502092752, 0.9707410161865265,  12, 3
5L72D5, 1.0875460696187798, 0.9242076272223044,  16, 8
5WEPB5, 1.0855074824281117, 0.9862283379972001,  10, 1
QNM294, 1.0839187204409872, 0.9679852360199304,  12, 3
QRL9LQ, 1.0868892814798663, 0.948577136629013,  14, 5
59GYBQ, 1.1268732262506571, 0.9372150755006161,  19, 6
Q1MGX5, 1.1489300376071376, 0.9627767106710352,  19, 4
4VYZK4, 1.124959346648373, 0.9826180139906184,  14, 2
QJ9775, 1.1117490562459382, 0.985592629885103,  13, 1
4ZJEK5, 1.102474334217627, 0.9560664558877056,  15, 4
4PMRP4, 1.1006464765177857, 0.9527200974327801,  15, 5
477DB4, 1.0997266050910788, 0.9754530332374937,  12, 2
4K126Q, 1.145757028775745, 0.8164272851649088,  33, 18
42W6BQ, 1.1138387396424667, 0.8884048568062307,  23, 11
5BJP2Q, 1.1196799682061376, 0.8656540398280954,  25, 13
5886R5, 1.1051935784611404, 0.9023339132062681,  20, 10
4GBJVQ, 1.1348503584092986, 0.4690942036155875,  67, 53
5EK1X5, 1.1540861644703588, 0.4239074372964013,  73, 58
QXK7E4, 1.1083499101877023, 0.4817646354518643,  63, 52
Q3XDN5, 1.1126527985896435, 0.4649865420797881,  65, 54
5686KQ, 1.107139982878699, 0.5118055922245567,  60, 49
5DK9D4, 1.134584111165341, 0.4432875816435263,  69, 56
4Y2EZ4, 1.1133457220943628, 0.4759913191743305,  64, 52
QMRL94, 1.0935375597066794, 0.5118654263431467,  58, 49
QL7BDQ, 1.100382925417962, 0.4689865700847781,  63, 53
QWEZBQ, 1.0981436362245836, 0.4734037854745275,  62, 53
4RLRL4, 1.105204209961692, 0.4772104924254533,  63, 52
4NMG95, 1.0912248815661953, 0.5055055994090613,  59, 49
Q9G7B4, 1.092812461761942, 0.4692338658141237,  62, 53
41M3XQ, 1.0948061140544783, 0.4726772513386214,  62, 53
5VYJK5, 1.0883758167708477, 0.484152587603175,  60, 52
4J9K7Q, 1.0887419029855854, 0.4752240754037615,  61, 52
5ZJKKQ, 1.0878923502092752, 0.4757938502384668,  61, 52
5PMXP5, 1.0875460696187798, 0.4567124986118243,  63, 54
577ZB5, 1.0855074824281117, 0.4800643465103825,  61, 52
5K1E64, 1.0839187204409872, 0.4739196546656825,  61, 53
52W3B4, 1.0868892814798663, 0.4606713932466328,  63, 54
QBJY24, 1.1268732262506571, 0.5040922439496801,  62, 50
Q88PRQ, 1.1489300376071376, 0.5133497956118208,  64, 49
5GBZV4, 1.124959346648373, 0.5005650671427182,  62, 50
QEKVXQ, 1.1117490562459382, 0.4997958934246468,  61, 50
4XKPE5, 1.102474334217627, 0.4778432952077966,  62, 52
43X9NQ, 1.1006464765177857, 0.4813319316857664,  62, 52
Q68JK4, 1.0997266050910788, 0.5139507643137606,  59, 49
QDK1D5, 1.145757028775745, 0.4207057127056378,  73, 58
5Y27Z5, 1.1138387396424667, 0.446794927027781,  67, 55
4MRB95, 1.1196799682061376, 0.4387064904522545,  68, 56
4L71D4, 1.1051935784611404, 0.4542179420971436,  65, 55
4WEXB4, 1.1348503584092986, 0.8330080973996495,  30, 17
5RLKL5, 1.1540861644703588, 0.7977264215479726,  36, 20
5NMJ9Q, 1.1083499101877023, 0.8941355024338089,  21, 11
49GRB5, 1.1126527985896435, 0.920454945670683,  19, 8
51M1X4, 1.107139982878699, 0.9576358057795021,  15, 4
QVYNKQ, 1.134584111165341, 0.866503514530162,  27, 13
5J9R74, 1.1133457220943628, 0.952379772970723,  16, 5
QZJXK4, 1.0935375597066794, 0.9426264304482165,  15, 6
QPMPPQ, 1.100382925417962, 0.9354867706045201,  16, 6
Q77KBQ, 1.0981436362245836, 0.9616604510771725,  14, 4
QK1965, 1.105204209961692, 0.9651355300038138,  14, 3
Q2WVB5, 1.0912248815661953, 0.9743342294464382,  12, 3
4BJD25, 1.092812461761942, 0.9453856131164142,  15, 5
4882R4, 1.0948061140544783, 0.9550316251233802,  14, 4
QGBNV5, 1.0883758167708477, 0.9665235710914946,  12, 3
4EKWX4, 1.0887419029855854, 0.9709644283768147,  12, 3
5XKXEQ, 1.0878923502092752, 0.9707410161865265,  12, 3
53XJN4, 1.0875460696187798, 0.9242076272223044,  16, 8
4687K5, 1.0855074824281117, 0.9862283379972001,  10, 1
4DK6DQ, 1.0839187204409872, 0.9679852360199304,  12, 3
QY2WZQ, 1.0868892814798663, 0.948577136629013,  14, 5
5MRV9Q, 1.1268732262506571, 0.9372150755006161,  19, 6
5L7YD5, 1.1489300376071376, 0.9627767106710352,  19, 4
5WE1B5, 1.124959346648373, 0.9826180139906184,  14, 2
QRLYLQ, 1.1117490562459382, 0.985592629885103,  13, 1
QNMY94, 1.102474334217627, 0.9560664558877056,  15, 4
59GDBQ, 1.1006464765177857, 0.9527200974327801,  15, 5
Q1MJX5, 1.0997266050910788, 0.9754530332374937,  12, 2
4VY9K4, 1.145757028775745, 0.8164272851649088,  33, 18
QJ9L75, 1.1826393930065529, 0.7410862809139487,  44, 26
4ZJNK5, 1.1138387396424667, 0.8884048568062307,  23, 11
4PMYP4, 1.1196799682061376, 0.8656540398280954,  25, 13
477BB4, 1.1051935784611404, 0.9023339132062681,  20, 10
4K1L6Q, 1.1348503584092986, 0.8330080973996495,  30, 17
49GDN5, 1.1540861644703588, 0.7977264215479726,  36, 20
51MJZ4, 1.1083499101877023, 0.8941355024338089,  21, 11
QVY9LQ, 1.1126527985896435, 0.920454945670683,  19, 8
5J9LP4, 1.107139982878699, 0.9576358057795021,  15, 4
QZJNV4, 1.134584111165341, 0.866503514530162,  27, 13
QPMYZQ, 1.1133457220943628, 0.952379772970723,  16, 5
Q77BNQ, 1.0935375597066794, 0.9426264304482165,  15, 6
QK1LB5, 1.100382925417962, 0.9354867706045201,  16, 6
Q2WZM5, 1.0981436362245836, 0.9616604510771725,  14, 4
4BJLV5, 1.105204209961692, 0.9651355300038138,  14, 3
488DV4, 1.0912248815661953, 0.9743342294464382,  12, 3
QGBMR5, 1.092812461761942, 0.9453856131164142,  15, 5
4EK6B4, 1.0948061140544783, 0.9550316251233802,  14, 4
5XK2KQ, 1.0883758167708477, 0.9665235710914946,  12, 3
53XWM4, 1.0887419029855854, 0.9709644283768147,  12, 3
468LM5, 1.0878923502092752, 0.9707410161865265,  12, 3
4DKMWQ, 1.0875460696187798, 0.9242076272223044,  16, 8
QY2BMQ, 1.0855074824281117, 0.9862283379972001,  10, 1
5MR6LQ, 1.0839187204409872, 0.9679852360199304,  12, 3
5L76B5, 1.0868892814798663, 0.948577136629013,  14, 5
5WEKX5, 1.1268732262506571, 0.9372150755006161,  19, 6
QRLVYQ, 1.1489300376071376, 0.9627767106710352,  19, 4
QNM664, 1.124959346648373, 0.9826180139906184,  14, 2
59GLNQ, 1.1117490562459382, 0.985592629885103,  13, 1
Q1MLZ5, 1.102474334217627, 0.9560664558877056,  15, 4
4VY7L4, 1.1006464765177857, 0.9527200974327801,  15, 5
QJ9YP5, 1.0997266050910788, 0.9754530332374937,  12, 2
4ZJ8V5, 1.145757028775745, 0.8164272851649088,  33, 18
4PM9Z4, 1.1138387396424667, 0.8884048568062307,  23, 11
477LN4, 1.1196799682061376, 0.8656540398280954,  25, 13
4K16BQ, 1.1051935784611404, 0.9023339132062681,  20, 10
42WLMQ, 1.1348503584092986, 0.4690942036155875,  67, 53
5BJXVQ, 1.1540861644703588, 0.4239074372964013,  73, 58
588LV5, 1.1083499101877023, 0.4817646354518643,  63, 52
4GB7RQ, 1.1126527985896435, 0.4649865420797881,  65, 54
5EKZB5, 1.107139982878699, 0.5118055922245567,  60, 49
QXKGK4, 1.134584111165341, 0.4432875816435263,  69, 56
Q3X8M5, 1.1133457220943628, 0.4759913191743305,  64, 52
5681MQ, 1.0935375597066794, 0.5118654263431467,  58, 49
5DKJW4, 1.100382925417962, 0.4689865700847781,  63, 53
4Y29M4, 1.0981436362245836, 0.4734037854745275,  62, 53
QMRNL4, 1.105204209961692, 0.4772104924254533,  63, 52
QL7GBQ, 1.0912248815661953, 0.5055055994090613,  59, 49
QWE8XQ, 1.092812461761942, 0.4692338658141237,  62, 53
4RLPY4, 1.0948061140544783, 0.4726772513386214,  62, 53
4NM165, 1.0883758167708477, 0.484152587603175,  60, 52
Q9GNN4, 1.0887419029855854, 0.4752240754037615,  61, 52
41M2ZQ, 1.0878923502092752, 0.4757938502384668,  61, 52
5VYBL5, 1.0875460696187798, 0.4567124986118243,  63, 54
4J9BPQ, 1.0855074824281117, 0.4800643465103825,  61, 52
5ZJ1VQ, 1.0839187204409872, 0.4739196546656825,  61, 53
5PMJZ5, 1.0868892814798663, 0.4606713932466328,  63, 54
577VN5, 1.1268732262506571, 0.5040922439496801,  62, 50
5K18B4, 1.1489300376071376, 0.5133497956118208,  64, 49
52WBM4, 1.124959346648373, 0.5005650671427182,  62, 50
QBJ1V4, 1.1117490562459382, 0.4997958934246468,  61, 50
Q88JVQ, 1.102474334217627, 0.4778432952077966,  62, 52
5GB3R4, 1.1006464765177857, 0.4813319316857664,  62, 52
QEKGBQ, 1.0997266050910788, 0.5139507643137606,  59, 49
4XKMK5, 1.145757028775745, 0.4207057127056378,  73, 58
43X7MQ, 1.1138387396424667, 0.446794927027781,  67, 55
Q68BM4, 1.1196799682061376, 0.4387064904522545,  68, 56
QDK8W5, 1.1051935784611404, 0.4542179420971436,  65, 55
5Y26M5, 1.1348503584092986, 0.8330080973996495,  30, 17
4MR3L5, 1.1540861644703588, 0.7977264215479726,  36, 20
4L73B4, 1.1083499101877023, 0.8941355024338089,  21, 11
4WEDX4, 1.1126527985896435, 0.920454945670683,  19, 8
5RL3Y5, 1.107139982878699, 0.9576358057795021,  15, 4
5NMR6Q, 1.134584111165341, 0.866503514530162,  27, 13
49GEN5, 1.1133457220943628, 0.952379772970723,  16, 5
51MZZ4, 1.0935375597066794, 0.9426264304482165,  15, 6
QVY6LQ, 1.100382925417962, 0.9354867706045201,  16, 6
5J93P4, 1.0981436362245836, 0.9616604510771725,  14, 4
QZJ6V4, 1.105204209961692, 0.9651355300038138,  14, 3
QPMLZQ, 1.0912248815661953, 0.9743342294464382,  12, 3
Q778NQ, 1.092812461761942, 0.9453856131164142,  15, 5
QK13B5, 1.0948061140544783, 0.9550316251233802,  14, 4
Q2WPM5, 1.0883758167708477, 0.9665235710914946,  12, 3
4BJ2V5, 1.0887419029855854, 0.9709644283768147,  12, 3
488GV4, 1.0878923502092752, 0.9707410161865265,  12, 3
QGB9R5, 1.0875460696187798, 0.9242076272223044,  16, 8
4EKEB4, 1.0855074824281117, 0.9862283379972001,  10, 1
5XKLKQ, 1.0839187204409872, 0.9679852360199304,  12, 3
53XRM4, 1.0868892814798663, 0.948577136629013,  14, 5
468RM5, 1.1268732262506571, 0.9372150755006161,  19, 6
4DKGWQ, 1.1489300376071376, 0.9627767106710352,  19, 4
QY2LMQ, 1.124959346648373, 0.9826180139906184,  14, 2
5MR7LQ, 1.1117490562459382, 0.985592629885103,  13, 1
5L7PB5, 1.102474334217627, 0.9560664558877056,  15, 4
5WELX5, 1.1006464765177857, 0.9527200974327801,  15, 5
QRLGYQ, 1.0997266050910788, 0.9754530332374937,  12, 2
QNMK64, 1.145757028775745, 0.8164272851649088,  33, 18
59G9NQ, 1.1826393930065529, 0.7410862809139487,  44, 26
Q1MRZ5, 1.1138387396424667, 0.8884048568062307,  23, 11
4VYLL4, 1.1196799682061376, 0.8656540398280954,  25, 13
QJ9JP5, 1.1051935784611404, 0.9023339132062681,  20, 10
4ZJLV5, 1.1128840044569612, 0.7692702666275895,  34, 23
4PMBZ4, 1.1218033381336454, 0.8373212642863587,  28, 16
477RN4, 1.1320563939583064, 0.79969650806748,  33, 20
4K1ZBQ, 1.1417645218724741, 0.8085217630176567,  33, 19
49G9P5, 1.0871916120004896, 0.8764093694156797,  21, 12
51MR74, 1.0977952836730276, 0.8845126603112008,  21, 12
QVYLMQ, 1.1090710540412048, 0.8176646606001234,  29, 18
5J9PG4, 1.127714470858034, 0.8250217038410372,  30, 17
QZJ7B4, 1.0787799407617222, 0.902607784869095,  18, 10
QPMGMQ, 1.0859896597281282, 0.9146511393908893,  17, 9
Q771YQ, 1.0816151803909784, 0.9467178923818924,  13, 5
QK17N5, 1.0911019558333728, 0.8895309601473322,  20, 11
Q2WG95, 1.08456992674829, 0.9155049685073701,  17, 8
4BJER5, 1.0956906410802691, 0.903469493295868,  19, 10
488N64, 1.08762939719318, 0.9189757072382393,  17, 8
QGBVZ5, 1.096684232065871, 0.8529339977248772,  24, 15
4EK9W4, 1.0917196169632706, 0.8926609311332868,  20, 11
5XKZVQ, 1.102581307495944, 0.8552111767832942,  25, 14
53XEW4, 1.1152657937172699, 0.814967256080571,  30, 19
468915, 1.0750928052435962, 0.9071976674368869,  17, 9
4DK38Q, 1.0797373244190578, 0.8937027498398947,  19, 11
QY2PLQ, 1.0744531039049015, 0.9291423679325487,  15, 7
5MR22Q, 1.0817144607556128, 0.898689719977935,  18, 10
5L7KN5, 1.077331575096845, 0.9678168173364732,  11, 3
5WEJG5, 1.0843343550436004, 0.9214386932071159,  16, 8
QRLXBQ, 1.096934170959033, 0.8859929047086598,  21, 11
QNMBE4, 1.0741195140501132, 0.9688137448857551,  11, 3
59GJPQ, 1.0804158553118652, 0.9214742830594522,  16, 8
Q1MN75, 1.073509269130447, 0.9375033752692256,  14, 6
4VYVM4, 1.0810129034834732, 0.9261493219256104,  15, 7
QJ9WG5, 1.0747864178226427, 0.9599754627131937,  11, 4
4ZJVB5, 1.081064515827431, 0.940149804744186,  14, 6
4PMWM4, 1.0859654312556337, 0.9083899480653225,  18, 9
4776Y4, 1.0810838894442485, 0.925684875541006,  16, 7
4K1WNQ, 1.07700968522465, 0.9179042552385951,  16, 8
42W89Q, 1.0801847998882894, 0.938564495938888,  14, 6
5BJ8RQ, 1.0808411385147945, 0.9363316013129924,  14, 6
588965, 1.0776035116131728, 0.9337278443749633,  14, 7
4GB6ZQ, 1.07661592802825, 0.9147224730759901,  16, 9
5EKXW5, 1.0787087852032082, 0.9349734117147304,  14, 7
QXKNV4, 1.0775691192573824, 0.9432574261771195,  13, 6
Q3XGW5, 1.1128840044569612, 0.3981827981701858,  71, 60
56831Q, 1.1218033381336454, 0.4665827552024014,  66, 53
5DKE84, 1.1320563939583064, 0.4078741990644504,  72, 59
4Y21L4, 1.1417645218724741, 0.4301748129162629,  71, 57
QMRW24, 1.0871916120004896, 0.4444406480922646,  64, 56
QL7NNQ, 1.0977952836730276, 0.4724812589875276,  63, 53
QWENGQ, 1.1090710540412048, 0.4115337416187351,  70, 59
4RLWB4, 1.127714470858034, 0.4204243242870106,  71, 58
4NMWE5, 1.0787799407617222, 0.4598119495223178,  62, 54
Q9G1P4, 1.0859896597281282, 0.4962961923219151,  59, 50
41MB7Q, 1.0816151803909784, 0.4787556089574454,  60, 52
5VYWM5, 1.0911019558333728, 0.446799507535249,  64, 55
4J96GQ, 1.08456992674829, 0.4623889311471099,  62, 54
5ZJ3BQ, 1.0956906410802691, 0.480546335836263,  62, 52
5PMZM5, 1.08762939719318, 0.4635571119423893,  62, 54
577XY5, 1.096684232065871, 0.4292639057255652,  67, 57
5K1DN4, 1.0917196169632706, 0.4844789670222954,  61, 52
52W294, 1.102581307495944, 0.4283083604856109,  67, 57
QBJKR4, 1.1152657937172699, 0.4309305262443879,  68, 57
Q8836Q, 1.0750928052435962, 0.453703254331579,  62, 55
5GBEZ4, 1.0797373244190578, 0.4646836891589112,  62, 54
QEK8WQ, 1.0744531039049015, 0.4648229098650151,  61, 54
4XKEV5, 1.0817144607556128, 0.4445571402355228,  64, 56
43XBWQ, 1.077331575096845, 0.4850852547755391,  59, 51
Q68E14, 1.0843343550436004, 0.4507196635145807,  63, 55
QDKB85, 1.096934170959033, 0.4380334050470338,  66, 56
5Y2XL5, 1.0741195140501132, 0.512768336540471,  56, 49
4MR125, 1.0804158553118652, 0.460208819416981,  62, 54
4L79N4, 1.073509269130447, 0.467466422191038,  61, 53
4WEGG4, 1.0810129034834732, 0.4539195014876392,  63, 55
5RL7B5, 1.0747864178226427, 0.4776284365097824,  60, 52
5NMNEQ, 1.081064515827431, 0.4596691955538817,  62, 54
49G6P5, 1.0859654312556337, 0.4492917614969781,  64, 55
51MK74, 1.0810838894442485, 0.457774461258126,  62, 54
QVY8MQ, 1.07700968522465, 0.4460375279267384,  63, 55
5J91G4, 1.0801847998882894, 0.4588057681181131,  62, 54
QZJYB4, 1.0808411385147945, 0.4598127718775477,  62, 54
QPMKMQ, 1.0776035116131728, 0.4507516620059281,  63, 55
Q77NYQ, 1.07661592802825, 0.4440696460237978,  63, 56
QK1VN5, 1.0787087852032082, 0.4587616421670695,  62, 54
Q2WX95, 1.0775691192573824, 0.456928263719622,  62, 54
4BJGR5, 1.1128840044569612, 0.7692702666275895,  34, 23
488164, 1.1218033381336454, 0.8373212642863587,  28, 16
QGBDZ5, 1.1320563939583064, 0.79969650806748,  33, 20
4EK3W4, 1.1417645218724741, 0.8085217630176567,  33, 19
5XK6VQ, 1.0871916120004896, 0.8764093694156797,  21, 12
53XNW4, 1.0977952836730276, 0.8845126603112008,  21, 12
468Y15, 1.1090710540412048, 0.8176646606001234,  29, 18
4DKX8Q, 1.127714470858034, 0.8250217038410372,  30, 17
QY2DLQ, 1.0787799407617222, 0.902607784869095,  18, 10
5MRZ2Q, 1.0859896597281282, 0.9146511393908893,  17, 9
5L7JN5, 1.0816151803909784, 0.9467178923818924,  13, 5
5WE3G5, 1.0911019558333728, 0.8895309601473322,  20, 11
QRLBBQ, 1.08456992674829, 0.9155049685073701,  17, 8
QNMPE4, 1.0956906410802691, 0.903469493295868,  19, 10
59GVPQ, 1.08762939719318, 0.9189757072382393,  17, 8
Q1ME75, 1.096684232065871, 0.8529339977248772,  24, 15
QJ92G5, 1.0917196169632706, 0.8926609311332868,  20, 11
4VYXM4, 1.102581307495944, 0.8552111767832942,  25, 14
4ZJRB5, 1.1152657937172699, 0.814967256080571,  30, 19
4PM3M4, 1.0750928052435962, 0.9071976674368869,  17, 9
4772Y4, 1.0797373244190578, 0.8937027498398947,  19, 11
4K1BNQ, 1.0744531039049015, 0.9291423679325487,  15, 7
49G8M5, 1.0817144607556128, 0.898689719977935,  18, 10
51MV64, 1.077331575096845, 0.9678168173364732,  11, 3
QVYRZQ, 1.0843343550436004, 0.9214386932071159,  16, 8
5J92K4, 1.096934170959033, 0.8859929047086598,  21, 11
QZJRX4, 1.0741195140501132, 0.9688137448857551,  11, 3
QPM3YQ, 1.0804158553118652, 0.9214742830594522,  16, 8
Q772LQ, 1.073509269130447, 0.9375033752692256,  14, 6
QK1B85, 1.0810129034834732, 0.9261493219256104,  15, 7
Q2WJP5, 1.0747864178226427, 0.9599754627131937,  11, 4
4BJNB5, 1.081064515827431, 0.940149804744186,  14, 6
488BN4, 1.0859654312556337, 0.9083899480653225,  18, 9
QGBP65, 1.0810838894442485, 0.925684875541006,  16, 7
4EKJ84, 1.07700968522465, 0.9179042552385951,  16, 8
5XKR6Q, 1.0801847998882894, 0.938564495938888,  14, 6
53XZZ4, 1.0808411385147945, 0.9363316013129924,  14, 6
468KV5, 1.0776035116131728, 0.9337278443749633,  14, 7
4DKVNQ, 1.07661592802825, 0.9147224730759901,  16, 9
QY2RVQ, 1.0787087852032082, 0.9349734117147304,  14, 7
5MRPJQ, 1.0775691192573824, 0.9432574261771195,  13, 6
5L7ZV5, 1.1100533767039849, 0.7764107719820736,  33, 22
5WE6E5, 1.1171436583397643, 0.8451265383243938,  27, 15
QRLNZQ, 1.1285962486517591, 0.8082619037136061,  32, 19
QNM7L4, 1.1362441891131283, 0.8172715903389716,  32, 18
59GPMQ, 1.0852553189909677, 0.8828522997668633,  20, 12
Q1MY65, 1.0940171978971442, 0.891165341187294,  20, 11
4VY3Z4, 1.1062447743989028, 0.8251715075897487,  28, 17
QJ9VK5, 1.1226928826423284, 0.8329989950720609,  29, 17
4ZJMX5, 1.0769082146828295, 0.9085941060302808,  17, 9
4PM2Y4, 1.0827283189034413, 0.9207514826451709,  16, 8
477JL4, 1.0799294887231303, 0.9533378975249236,  13, 5
4K1J8Q, 1.0879323105874374, 0.8959739053489666,  19, 10
42WMPQ, 1.0824877598002711, 0.9219814595627972,  16, 8
5BJ3BQ, 1.092014487041466, 0.9101324788761329,  18, 9
588ZN5, 1.0855891063645648, 0.9258672930468043,  16, 7
4GBL6Q, 1.0930751177502156, 0.8595525266848143,  23, 14
5EKY85, 1.0733467486304706, 0.9129552005040152,  16, 9
QXKD64, 1.0769266307388377, 0.8995223482136937,  18, 10
Q3XLZ5, 1.0728651848889277, 0.9350472832138733,  14, 6
568VVQ, 1.0788090337056804, 0.9045873602291531,  17, 10
5DKDN4, 1.0724063407125621, 0.9748891030808098,  10, 3
4Y2YV4, 1.0777620967756323, 0.9273644877826976,  15, 7
QMRXJ4, 1.0780352649087992, 0.9320242802483575,  15, 7
QL7EVQ, 1.0783943202614557, 0.9316206663078518,  15, 7
QWEVEQ, 1.0742926993404809, 0.9236281688501171,  15, 8
4RLMZ4, 1.074921832153082, 0.9395485639451404,  14, 6
4NM3L5, 1.1100533767039849, 0.4018788027159772,  71, 60
Q9G3M4, 1.1171436583397643, 0.4709321088150558,  65, 53
41M76Q, 1.1285962486517591, 0.4122428612426514,  72, 59
5VY1Z5, 1.1362441891131283, 0.4348301672965185,  70, 57
4J98KQ, 1.0852553189909677, 0.4477079570015732,  64, 55
5ZJPXQ, 1.0940171978971442, 0.4760349300394184,  62, 52
5PMDY5, 1.1062447743989028, 0.4153119663339043,  69, 58
577EL5, 1.1226928826423284, 0.4244894867667725,  70, 58
5K1G84, 1.0769082146828295, 0.4628615376709406,  61, 54
52WKP4, 1.0827283189034413, 0.4996062818178653,  58, 50
QBJVB4, 1.0799294887231303, 0.4821033481509863,  60, 52
Q88XNQ, 1.0879323105874374, 0.4500357127626534,  64, 55
5GBK64, 1.0824877598002711, 0.465659975958134,  62, 53
QEKP8Q, 1.092014487041466, 0.4840903108460285,  61, 52
4XKJ65, 1.0855891063645648, 0.4670334210427922,  62, 53
43X2ZQ, 1.0930751177502156, 0.4325948734195236,  66, 57
Q68GV4, 1.0733467486304706, 0.4565826835709179,  62, 54
QDKNN5, 1.0769266307388377, 0.4677096085065294,  61, 53
5Y2ZV5, 1.0728651848889277, 0.4677769672821568,  61, 53
4MR9J5, 1.0788090337056804, 0.4474745410090443,  63, 55
4L7WV4, 1.0724063407125621, 0.515983868248202,  56, 48
4WEWE4, 1.0777620967756323, 0.4631505446627568,  61, 54
5RL8Z5, 1.0780352649087992, 0.4567989055858654,  62, 54
5NMVLQ, 1.0783943202614557, 0.4607098591372863,  62, 54
49GZM5, 1.0742926993404809, 0.4488189512209205,  63, 55
51M864, 1.074921832153082, 0.4535615803736128,  62, 55
QVYMZQ, 1.1100533767039849, 0.7764107719820736,  33, 22
5J9DK4, 1.1171436583397643, 0.8451265383243938,  27, 15
QZJZX4, 1.1285962486517591, 0.8082619037136061,  32, 19
QPM7YQ, 1.1362441891131283, 0.8172715903389716,  32, 18
Q779LQ, 1.0852553189909677, 0.8828522997668633,  20, 12
QK1M85, 1.0940171978971442, 0.891165341187294,  20, 11
Q2WEP5, 1.1062447743989028, 0.8251715075897487,  28, 17
4BJ9B5, 1.1226928826423284, 0.8329989950720609,  29, 17
488VN4, 1.0769082146828295, 0.9085941060302808,  17, 9
QGB865, 1.0827283189034413, 0.9207514826451709,  16, 8
4EK784, 1.0799294887231303, 0.9533378975249236,  13, 5
5XK96Q, 1.0879323105874374, 0.8959739053489666,  19, 10
53X3Z4, 1.0824877598002711, 0.9219814595627972,  16, 8
468WV5, 1.092014487041466, 0.9101324788761329,  18, 9
4DKZNQ, 1.0855891063645648, 0.9258672930468043,  16, 7
QY2VVQ, 1.0930751177502156, 0.8595525266848143,  23, 14
5MDJJ5, 1.0733467486304706, 0.9129552005040152,  16, 9
5LXDV5, 1.0769266307388377, 0.8995223482136937,  18, 10
5W92E5, 1.0728651848889277, 0.9350472832138733,  14, 6
QRZJZ4, 1.0788090337056804, 0.9045873602291531,  17, 10
QN9ZLQ, 1.0724063407125621, 0.9748891030808098,  10, 3
59X2M4, 1.0777620967756323, 0.9273644877826976,  15, 7
Q1DW65, 1.0780352649087992, 0.9320242802483575,  15, 7
4VEGZQ, 1.0783943202614557, 0.9316206663078518,  15, 7
QJNGK5, 1.0742926993404809, 0.9236281688501171,  15, 8
4ZWGX4, 1.074921832153082, 0.9395485639451404,  14, 6
4PV1Y4, 1.1100533767039849, 0.7764107719820736,  33, 22
47YGLQ, 1.1171436583397643, 0.8451265383243938,  27, 15
4KRX8Q, 1.1285962486517591, 0.8082619037136061,  32, 19
49X2EQ, 1.1362441891131283, 0.8172715903389716,  32, 18
51DWR4, 1.0852553189909677, 0.8828522997668633,  20, 12
QVEGV5, 1.0940171978971442, 0.891165341187294,  20, 11
5JNGW4, 1.1062447743989028, 0.8251715075897487,  28, 17
QZWG3Q, 1.1226928826423284, 0.8329989950720609,  29, 17
QPV1KQ, 1.0769082146828295, 0.9085941060302808,  17, 9
Q7YG25, 1.0827283189034413, 0.9207514826451709,  16, 8
QKRXJ5, 1.0799294887231303, 0.9533378975249236,  13, 5
Q2N7K5, 1.0879323105874374, 0.8959739053489666,  19, 10
48K7YQ, 1.0824877598002711, 0.9219814595627972,  16, 8
4BWZ94, 1.092014487041466, 0.9101324788761329,  18, 9
QG2XXQ, 1.0855891063645648, 0.9258672930468043,  16, 7
4ENBK4, 1.0930751177502156, 0.8595525266848143,  23, 14
5X1815, 1.098594162221797, 0.8619380605003886,  24, 14
53MYVQ, 1.1107750761146218, 0.8222659583173476,  29, 18
46DXZ5, 1.0733467486304706, 0.9129552005040152,  16, 9
4DY7R4, 1.0769266307388377, 0.8995223482136937,  18, 10
QYNGE5, 1.0728651848889277, 0.9350472832138733,  14, 6
5MDMB5, 1.0788090337056804, 0.9045873602291531,  17, 10
5LXV15, 1.081402028459829, 0.927653131972951,  15, 7
5W9B15, 1.0932343977660537, 0.8926209453477396,  20, 11
QRZEV4, 1.0724063407125621, 0.9748891030808098,  10, 3
QN9D1Q, 1.0777620967756323, 0.9273644877826976,  15, 7
59XKE4, 1.0780352649087992, 0.9320242802483575,  15, 7
Q1DPR5, 1.0781495358974171, 0.9462861540905375,  13, 5
4VE2VQ, 1.0827758700378234, 0.9144808105627376,  17, 9
QJNXW5, 1.0783943202614557, 0.9316206663078518,  15, 7
4ZWB34, 1.0742926993404809, 0.9236281688501171,  15, 8
4PVNK4, 1.0772480009880046, 0.944464155744385,  13, 6
47YP2Q, 1.0780433137466248, 0.9423164363293464,  14, 6
4KRYJQ, 1.074921832153082, 0.9395485639451404,  14, 6
42NYKQ, 1.073895949910888, 0.9203767992917391,  15, 8
5BW795, 1.0759058761216531, 0.9407946803838403,  14, 6
58K8Y4, 1.1100533767039849, 0.4018788027159772,  71, 60
4G2BX4, 1.1171436583397643, 0.4709321088150558,  65, 53
5ENKK5, 1.1285962486517591, 0.4122428612426514,  72, 59
QX1K1Q, 1.1362441891131283, 0.4348301672965185,  70, 57
Q3MXV4, 1.0852553189909677, 0.4477079570015732,  64, 55
56D8ZQ, 1.0940171978971442, 0.4760349300394184,  62, 52
5DYKR5, 1.1062447743989028, 0.4153119663339043,  69, 58
4YN2EQ, 1.1226928826423284, 0.4244894867667725,  70, 58
QMDRBQ, 1.0769082146828295, 0.4628615376709406,  61, 54
QLX71Q, 1.0827283189034413, 0.4996062818178653,  58, 50
QW9E1Q, 1.0799294887231303, 0.4821033481509863,  60, 52
4RZLV5, 1.0879323105874374, 0.4500357127626534,  64, 55
4N9M14, 1.0824877598002711, 0.465659975958134,  62, 53
Q9XGE5, 1.092014487041466, 0.4840903108460285,  61, 52
41DMRQ, 1.0855891063645648, 0.4670334210427922,  62, 53
5VEYV4, 1.0930751177502156, 0.4325948734195236,  66, 57
4JN9WQ, 1.098594162221797, 0.4316773301790182,  67, 57
5ZWJ35, 1.1107750761146218, 0.434789863625526,  68, 57
5PVMK5, 1.0733467486304706, 0.4565826835709179,  62, 54
57Y724, 1.0769266307388377, 0.4677096085065294,  61, 53
5KR1J4, 1.0728651848889277, 0.4677769672821568,  61, 53
52NWK4, 1.0788090337056804, 0.4474745410090443,  63, 55
QBWJ9Q, 1.081402028459829, 0.4537594422541952,  63, 55
Q8KKY5, 1.0932343977660537, 0.441310297214563,  65, 56
5G22X5, 1.0724063407125621, 0.515983868248202,  56, 48
QENNKQ, 1.0777620967756323, 0.4631505446627568,  61, 54
4X1114, 1.0780352649087992, 0.4567989055858654,  62, 54
43MMV5, 1.0781495358974171, 0.4626694522719507,  62, 54
Q6DDZ4, 1.0827758700378234, 0.4523043161232461,  63, 55
QDYYRQ, 1.0783943202614557, 0.4607098591372863,  62, 54
5YNNE4, 1.0742926993404809, 0.4488189512209205,  63, 55
4MDDB4, 1.0772480009880046, 0.4616897446167009,  62, 54
4LXX14, 1.0780433137466248, 0.462751798579456,  62, 54
4W9914, 1.074921832153082, 0.4535615803736128,  62, 55
5RZZVQ, 1.073895949910888, 0.4468146476117518,  63, 55
5N9915, 1.0759058761216531, 0.4616179530959961,  61, 54
49XXEQ, 1.1100533767039849, 0.7764107719820736,  33, 22
51DDR4, 1.1171436583397643, 0.8451265383243938,  27, 15
QVEEV5, 1.1285962486517591, 0.8082619037136061,  32, 19
5JNNW4, 1.1362441891131283, 0.8172715903389716,  32, 18
QZWW3Q, 1.0852553189909677, 0.8828522997668633,  20, 12
QPVVKQ, 1.0940171978971442, 0.891165341187294,  20, 11
Q7YY25, 1.1062447743989028, 0.8251715075897487,  28, 17
QKRRJ5, 1.1226928826423284, 0.8329989950720609,  29, 17
Q2NNK5, 1.0769082146828295, 0.9085941060302808,  17, 9
4BWW94, 1.0827283189034413, 0.9207514826451709,  16, 8
48KEYQ, 1.0799294887231303, 0.9533378975249236,  13, 5
QG2GXQ, 1.0879323105874374, 0.8959739053489666,  19, 10
4ENDK4, 1.0824877598002711, 0.9219814595627972,  16, 8
5X1Y15, 1.092014487041466, 0.9101324788761329,  18, 9
53MVVQ, 1.0855891063645648, 0.9258672930468043,  16, 7
46DMZ5, 1.0930751177502156, 0.8595525266848143,  23, 14
4DYPR4, 1.098594162221797, 0.8619380605003886,  24, 14
QYNKE5, 1.1107750761146218, 0.8222659583173476,  29, 18
5MDEB5, 1.0733467486304706, 0.9129552005040152,  16, 9
5LXM15, 1.0769266307388377, 0.8995223482136937,  18, 10
5W9715, 1.0728651848889277, 0.9350472832138733,  14, 6
QRZ1V4, 1.0788090337056804, 0.9045873602291531,  17, 10
QN9L1Q, 1.081402028459829, 0.927653131972951,  15, 7
59XBE4, 1.0932343977660537, 0.8926209453477396,  20, 11
Q1D9R5, 1.0724063407125621, 0.9748891030808098,  10, 3
4VEPVQ, 1.0777620967756323, 0.9273644877826976,  15, 7
QJNMW5, 1.0780352649087992, 0.9320242802483575,  15, 7
4ZW234, 1.0781495358974171, 0.9462861540905375,  13, 5
4PVEK4, 1.0827758700378234, 0.9144808105627376,  17, 9
47Y32Q, 1.0783943202614557, 0.9316206663078518,  15, 7
4KRNJQ, 1.0742926993404809, 0.9236281688501171,  15, 8
49XB3Q, 1.0772480009880046, 0.944464155744385,  13, 6
51D984, 1.0780433137466248, 0.9423164363293464,  14, 6
QVEDG5, 1.074921832153082, 0.9395485639451404,  14, 6
5JNEX4, 1.073895949910888, 0.9203767992917391,  15, 8
QZW9JQ, 1.0759058761216531, 0.9407946803838403,  14, 6
QPV6VQ, 1.0732756705515614, 0.9892820262800842,  8, 1
Q7YM35, 1.0732756705515614, 0.4945568406921027,  58, 51
Q2N9D5, 1.0732756705515614, 0.9892820262800842,  8, 1
4BW6P4, 1.0718474097767685, 0.9955145433825507,  8, 0
48KMPQ, 1.0718474097767685, 0.4976725689534819,  57, 50
QG2YNQ, 1.0718474097767685, 0.9955145433825507,  8, 0
4ENML4, 1.0718474097767685, 0.9955145433825507,  8, 0
5X1325, 1.0718474097767685, 0.4976725689534819,  57, 50
53M18Q, 1.0718474097767685, 0.9955145433825507,  8, 0
46DZB5, 1.0732756705515614, 0.4945568406921027,  58, 51
4DYWG4, 1.0732756705515614, 0.9892820262800842,  8, 1
QYN3P5, 1.0718474097767685, 0.9955145433825507,  8, 0
5MDKW5, 1.0718474097767685, 0.9955145433825507,  8, 0
5LXR95, 1.0718474097767685, 0.4976725689534819,  57, 50
5W9M35, 1.0718474097767685, 0.9955145433825507,  8, 0
QRZ6D4, 1.0718474097767685, 0.9955145433825507,  8, 0
QN9X7Q, 1.0718474097767685, 0.4976725689534819,  57, 50
QYGZ3Q, 1.1360633826623443, 0.8266216656226201,  31, 17
QKREK5, 1.1158743866242806, 0.5956024933729357,  52, 40
Q2N3D5, 1.105901764043292, 0.5714924106151956,  53, 43
4BWYP4, 1.0992181940106638, 0.6172723339828573,  48, 38
46DEN5, 1.093286763506989, 0.8371399403234432,  26, 16
4DYB94, 1.093286763506989, 0.8371399403234432,  26, 16
QYNX75, 1.093286763506989, 0.4473610093476538,  65, 55
QVEX25, 1.1070335442429544, 0.852147842139154,  25, 15
5JN194, 1.1070335442429544, 0.852147842139154,  25, 15
QZWYWQ, 1.1070335442429544, 0.4855198127712597,  62, 51
5LVXE4, 1.121975139278529, 0.780427157775567,  34, 22
5X8NN4, 1.121975139278529, 0.4395019732138041,  68, 56
477PX4, 1.121975139278529, 0.780427157775567,  34, 22
QKRKK5, 1.0732756705515614, 0.9892820262800842,  8, 1
N4ZXMQ, 1, 0.92,  8, 8
Y4PPD4, 1.0557627684025979, 0.81,  25, 19
B47K95, 1, 0.92,  8, 8
X4KLXQ, 1.0557627684025979, 0.83,  23, 17
742ZYQ, 1.0971381816893313, 0.84,  26, 16
BQXVW5, 1.0981074063123915, 0.84,  26, 16
N562JQ, 1.0850754964074627, 1.05,  4, -5
J5DL6Q, 1, 0.92,  8, 8
24YJJ4, 1.0557627684025979, 0.81,  25, 19
WQMY6Q, 1, 0.92,  8, 8
MQLYG5, 1.0557627684025979, 0.83,  23, 17
8QW1D5, 1.0981074063123915, 0.84,  26, 16
W4RYGQ, 1.0971381816893313, 0.84,  26, 16
L4NYB5, 1.054660814261012, 0.89,  16, 11
NQ9D14, 1.054660814261012, 0.9,  15, 10
Y41JKQ, 1.0976122575391798, 0.95,  15, 5
95V9X4, 1.099341847532672, 0.93,  17, 7
L4JL25, 1.0629780982174974, 1,  6, 0
MQLPZ5, 1.108654227297712, 0.7782748340776264,  33, 22
8QWLV5, 1.1204879932005558, 0.8417052926142553,  28, 16
W4RG8Q, 1.1222914436719797, 0.7808386010326126,  34, 22
L4NBZ4, 1.1059933317613602, 0.7860634230452481,  32, 21
NQ9JK4, 1.129701787645717, 0.7874995812500458,  34, 21
Y41NM5, 1.0833709952087205, 0.8786036375594443,  20, 12
95VVE5, 1.1059933317613602, 0.7860634230452481,  32, 21
L4JPM4, 1.129701787645717, 0.7874995812500458,  34, 21
N5Z794, 1.0833709952087205, 0.8786036375594443,  20, 12
Y5PG85, 1.1246713491168534, 0.9003339183710537,  22, 10
B571D5, 1.148960882014309, 0.9177722108191236,  23, 8
X5K7E4, 1.1229548135938543, 0.9722676271136487,  15, 3
752GV5, 1.1463396273492892, 0.7969969169846864,  35, 20
MQBELQ, 1.1155395890545283, 0.8500077840324838,  27, 15
8Q8NL5, 1.1380214614658792, 0.8115078830858214,  33, 19
W5GV75, 1.1245456604092499, 0.8555069745526639,  27, 14
ZQE9GQ, 1.1477800645421012, 0.8406810072201081,  31, 16
B4XZL5, 1.1489604346969293, 0.92,  23, 8
N43EE4, 1.1489604346969293, 0.92,  23, 8
NQ693Q, 1.1489604346969293, 0.92,  23, 8
JQD3B5, 1.0734201514052768, 0.55,  52, 45
25YPD5, 1.0734201514052768, 0.55,  52, 45
W4M2G4, 1.0734201514052768, 0.55,  52, 45
46DJB5, 1.1032378283365583, 0.94,  16, 6
QJM71Q, 1.0001201516832072, 0.75,  25, 25
4Z2ER5, 1.1035861691137483, 0.407,  70, 59
473DE5, 1.0805683041211631, 0.8,  28, 20
4KN2M4, 1, 0.92,  8, 8